codigo_centro,estado,municipio,parroquia,centro,mesas_2025,electores_2025,regionales_2025,asamblea_2025,tm_2024,tm_2018,tm_2015,url_regionales,url_asamblea_si_existe,evidencia,clasificacion,razon_clasificacion
060102037,BOLÍVAR,CARONI,ONCE DE ABRIL,UNIDAD EDUCATIVA COLEGIO LA PRADERA,0,669,si,no,"si (1 mesa(s), 669 electores)","si (1 mesa(s), 497 electores)","si (1 mesa(s), 487 electores)",https://regionales.macedoniadelnorte.com/bolivar/caroni/once-de-abril/unidad-educativa-colegio-la-pradera,,Regionales API https://regionales.macedoniadelnorte.com/api/centros?parroquiaId=681f4f426346dcb5789292c5 hash 0e0f33cdf74a75d11d46553fb1f653870977d39039cf2e8fe92c4ec4bafa6703; HTML Regionales status 200 hash f02f4cdced18 cache backend/data/2025/regionales_candidate_pages_cache/regionales.macedoniadelnorte.com_bolivar_caroni_once-de-abril_unidad-educativa-colegio-la-pradera__426a473f93abcbc0.html; Asamblea URL status 404; codigo en TM Asamblea reconstruido: no.,INDETERMINADO,"Regionales 2025 renderiza el centro y reporta votantes, pero cantidadMesas=0; puede ser activo sin mesa publicada, residual o no usado para el marco Asamblea."
060103016,BOLÍVAR,CARONI,VISTA AL SOL,UNIDAD EDUCATIVA COLEGIO ANDRES ELOY BLANCO,1,271,si,no,"si (1 mesa(s), 271 electores)","si (1 mesa(s), 240 electores)","si (1 mesa(s), 237 electores)",https://regionales.macedoniadelnorte.com/bolivar/caroni/vista-al-sol/unidad-educativa-colegio-andres-eloy-blanco,,Regionales API https://regionales.macedoniadelnorte.com/api/centros?parroquiaId=681f4f426346dcb578929288 hash dde3c4300fba1242dd4af6a1113d32e54ac4cf0ef15275fd4a80a4af07df38e8; HTML Regionales status 200 hash 1898f4dd93b9 cache backend/data/2025/regionales_candidate_pages_cache/regionales.macedoniadelnorte.com_bolivar_caroni_vista-al-sol_unidad-educativa-colegio-andres-eloy-blanco__c7a24b02d4fdb51b.html; Asamblea URL status 404; codigo en TM Asamblea reconstruido: no.,CONFIRMADO,API Regionales 2025 reporta cantidadMesas=1 y votantes>0; pagina publica renderiza el centro; Asamblea 2025 responde 404 y el codigo no esta en el TM reconstruido.
060105032,BOLÍVAR,CARONI,DALLA COSTA,COLEGIO JUAN VICENTE GONZALEZ,1,563,si,no,"si (1 mesa(s), 563 electores)","si (1 mesa(s), 267 electores)","si (1 mesa(s), 262 electores)",https://regionales.macedoniadelnorte.com/bolivar/caroni/dalla-costa/colegio-juan-vicente-gonzalez,,Regionales API https://regionales.macedoniadelnorte.com/api/centros?parroquiaId=681f4f426346dcb5789293a8 hash c422734d7e33a91b38dc761b0b2b36c5850fa2fe201f20923ebbcd7ce8863383; HTML Regionales status 200 hash c3d3d2d4a58c cache backend/data/2025/regionales_candidate_pages_cache/regionales.macedoniadelnorte.com_bolivar_caroni_dalla-costa_colegio-juan-vicente-gonzalez__193cc7b53101f213.html; Asamblea URL status 404; codigo en TM Asamblea reconstruido: no.,CONFIRMADO,API Regionales 2025 reporta cantidadMesas=1 y votantes>0; pagina publica renderiza el centro; Asamblea 2025 responde 404 y el codigo no esta en el TM reconstruido.
060301020,BOLÍVAR,ANGOSTURA DEL OR,CATEDRAL,ESCUELA ZEA,1,767,si,no,"si (1 mesa(s), 767 electores)","si (1 mesa(s), 800 electores)","si (2 mesa(s), 797 electores)",https://regionales.macedoniadelnorte.com/bolivar/angostura-del-or/catedral/escuela-zea,,Regionales API https://regionales.macedoniadelnorte.com/api/centros?parroquiaId=681f4f426346dcb578929669 hash 861ac62ac88fe6006240fefa347a3726f1e9c0d8f6f5dbfb77d77e869f466d6a; HTML Regionales status 200 hash c497d539f45e cache backend/data/2025/regionales_candidate_pages_cache/regionales.macedoniadelnorte.com_bolivar_angostura-del-or_catedral_escuela-zea__b8f02ca9779ec3c7.html; Asamblea URL status 404; codigo en TM Asamblea reconstruido: no.,CONFIRMADO,API Regionales 2025 reporta cantidadMesas=1 y votantes>0; pagina publica renderiza el centro; Asamblea 2025 responde 404 y el codigo no esta en el TM reconstruido.
060307004,BOLÍVAR,ANGOSTURA DEL OR,ORINOCO,UNIDA EDUCATIVA INTEGRAL BOLIVARIANA CURIAPO,1,91,si,no,"si (1 mesa(s), 91 electores)","si (1 mesa(s), 78 electores)","si (1 mesa(s), 79 electores)",https://regionales.macedoniadelnorte.com/bolivar/angostura-del-or/orinoco/unida-educativa-integral-bolivariana-curiapo,,Regionales API https://regionales.macedoniadelnorte.com/api/centros?parroquiaId=681f4f436346dcb578929acd hash 62fb130d1392ae0464f383d7cf7a48c10863c79b35fbae874e308eb8032b2de3; HTML Regionales status 200 hash b3f2c7c94d90 cache backend/data/2025/regionales_candidate_pages_cache/regionales.macedoniadelnorte.com_bolivar_angostura-del-or_orinoco_unida-educativa-integral-bolivariana-curiapo__fb1a99e3906a8892.html; Asamblea URL status 404; codigo en TM Asamblea reconstruido: no.,CONFIRMADO,API Regionales 2025 reporta cantidadMesas=1 y votantes>0; pagina publica renderiza el centro; Asamblea 2025 responde 404 y el codigo no esta en el TM reconstruido.
060403005,BOLÍVAR,PIAR,PEDRO COVA,ESCUELA INTEGRAL BOLIVARIANA EL PLOMO,0,195,si,no,"si (1 mesa(s), 195 electores)","si (1 mesa(s), 207 electores)","si (1 mesa(s), 209 electores)",https://regionales.macedoniadelnorte.com/bolivar/piar/pedro-cova/escuela-integral-bolivariana-el-plomo,,Regionales API https://regionales.macedoniadelnorte.com/api/centros?parroquiaId=681f4f436346dcb578929b9c hash 4648c359dc569fcbc34ca2a49eb40afbfd9556f76207c2aa9c5d2bbdf760da6d; HTML Regionales status 200 hash d048a3315e3a cache backend/data/2025/regionales_candidate_pages_cache/regionales.macedoniadelnorte.com_bolivar_piar_pedro-cova_escuela-integral-bolivariana-el-plomo__1eefcb6f4c9458fd.html; Asamblea URL status 404; codigo en TM Asamblea reconstruido: no.,INDETERMINADO,"Regionales 2025 renderiza el centro y reporta votantes, pero cantidadMesas=0; puede ser activo sin mesa publicada, residual o no usado para el marco Asamblea."
060602005,BOLÍVAR,SUCRE,ARIPAO,UNIDAD EDUCATIVA BOLIVARIANA SANTA MARIA DE EREBATO,0,298,si,no,"si (1 mesa(s), 298 electores)","si (1 mesa(s), 212 electores)","si (1 mesa(s), 211 electores)",https://regionales.macedoniadelnorte.com/bolivar/sucre/aripao/unidad-educativa-bolivariana-santa-maria-de-erebato,,Regionales API https://regionales.macedoniadelnorte.com/api/centros?parroquiaId=681f4f436346dcb578929c2c hash 156e6ca1254fb9024e500920d0b34e00888732b9abb016fa196dbb8535c8de41; HTML Regionales status 200 hash 73b124aa1009 cache backend/data/2025/regionales_candidate_pages_cache/regionales.macedoniadelnorte.com_bolivar_sucre_aripao_unidad-educativa-bolivariana-santa-maria-de-erebato__ca5d0f3d0cdca6af.html; Asamblea URL status 404; codigo en TM Asamblea reconstruido: no.,INDETERMINADO,"Regionales 2025 renderiza el centro y reporta votantes, pero cantidadMesas=0; puede ser activo sin mesa publicada, residual o no usado para el marco Asamblea."
060602006,BOLÍVAR,SUCRE,ARIPAO,CAMPAMENTO ENTRERIOS,0,282,si,no,"si (1 mesa(s), 282 electores)","si (1 mesa(s), 228 electores)","si (1 mesa(s), 230 electores)",https://regionales.macedoniadelnorte.com/bolivar/sucre/aripao/campamento-entrerios,,Regionales API https://regionales.macedoniadelnorte.com/api/centros?parroquiaId=681f4f436346dcb578929c2c hash 156e6ca1254fb9024e500920d0b34e00888732b9abb016fa196dbb8535c8de41; HTML Regionales status 200 hash 3865d0541abf cache backend/data/2025/regionales_candidate_pages_cache/regionales.macedoniadelnorte.com_bolivar_sucre_aripao_campamento-entrerios__866f0c9ad94245e3.html; Asamblea URL status 404; codigo en TM Asamblea reconstruido: no.,INDETERMINADO,"Regionales 2025 renderiza el centro y reporta votantes, pero cantidadMesas=0; puede ser activo sin mesa publicada, residual o no usado para el marco Asamblea."
060602009,BOLÍVAR,SUCRE,ARIPAO,ESCUELA BOLIVARIANA SHIMARAÑA,0,141,si,no,"si (1 mesa(s), 141 electores)","si (1 mesa(s), 150 electores)","si (1 mesa(s), 142 electores)",https://regionales.macedoniadelnorte.com/bolivar/sucre/aripao/escuela-bolivariana-shimarana,,Regionales API https://regionales.macedoniadelnorte.com/api/centros?parroquiaId=681f4f436346dcb578929c2c hash 156e6ca1254fb9024e500920d0b34e00888732b9abb016fa196dbb8535c8de41; HTML Regionales status 200 hash 0159cc31ac21 cache backend/data/2025/regionales_candidate_pages_cache/regionales.macedoniadelnorte.com_bolivar_sucre_aripao_escuela-bolivariana-shimarana__116a70e8a1ad327b.html; Asamblea URL status 404; codigo en TM Asamblea reconstruido: no.,INDETERMINADO,"Regionales 2025 renderiza el centro y reporta votantes, pero cantidadMesas=0; puede ser activo sin mesa publicada, residual o no usado para el marco Asamblea."
060701010,BOLÍVAR,SIFONTES,CM. TUMEREMO,ESCUELA NACIONAL SAN MARTIN DE TURUNBAN,0,889,si,no,"si (1 mesa(s), 889 electores)","si (1 mesa(s), 625 electores)","si (2 mesa(s), 631 electores)",https://regionales.macedoniadelnorte.com/bolivar/sifontes/cm-tumeremo/escuela-nacional-san-martin-de-turunban,,Regionales API https://regionales.macedoniadelnorte.com/api/centros?parroquiaId=681f4f436346dcb578929c5d hash 9b7ebd3cd729abdcf7a0a953ddb1767586404e744b776feb3997fb72d839fd4d; HTML Regionales status 200 hash 193f02a0346d cache backend/data/2025/regionales_candidate_pages_cache/regionales.macedoniadelnorte.com_bolivar_sifontes_cm-tumeremo_escuela-nacional-san-martin-de-turunban__2070c12db6928bbb.html; Asamblea URL status 404; codigo en TM Asamblea reconstruido: no.,INDETERMINADO,"Regionales 2025 renderiza el centro y reporta votantes, pero cantidadMesas=0; puede ser activo sin mesa publicada, residual o no usado para el marco Asamblea."
060701012,BOLÍVAR,SIFONTES,CM. TUMEREMO,ESCUELA UNITARIA ESPERANZA FE Y ALEGRIA,0,315,si,no,"si (1 mesa(s), 315 electores)","si (1 mesa(s), 290 electores)","si (1 mesa(s), 292 electores)",https://regionales.macedoniadelnorte.com/bolivar/sifontes/cm-tumeremo/escuela-unitaria-esperanza-fe-y-alegria,,Regionales API https://regionales.macedoniadelnorte.com/api/centros?parroquiaId=681f4f436346dcb578929c5d hash 9b7ebd3cd729abdcf7a0a953ddb1767586404e744b776feb3997fb72d839fd4d; HTML Regionales status 200 hash db2828a5bead cache backend/data/2025/regionales_candidate_pages_cache/regionales.macedoniadelnorte.com_bolivar_sifontes_cm-tumeremo_escuela-unitaria-esperanza-fe-y-alegria__41033f6bbd614c7e.html; Asamblea URL status 404; codigo en TM Asamblea reconstruido: no.,INDETERMINADO,"Regionales 2025 renderiza el centro y reporta votantes, pero cantidadMesas=0; puede ser activo sin mesa publicada, residual o no usado para el marco Asamblea."
060701013,BOLÍVAR,SIFONTES,CM. TUMEREMO,ESCUELA BASICA NACIONAL UNITARIA SAN JUAN DE VENAMO,0,111,si,no,"si (1 mesa(s), 111 electores)","si (1 mesa(s), 78 electores)","si (1 mesa(s), 78 electores)",https://regionales.macedoniadelnorte.com/bolivar/sifontes/cm-tumeremo/escuela-basica-nacional-unitaria-san-juan-de-venamo,,Regionales API https://regionales.macedoniadelnorte.com/api/centros?parroquiaId=681f4f436346dcb578929c5d hash 9b7ebd3cd729abdcf7a0a953ddb1767586404e744b776feb3997fb72d839fd4d; HTML Regionales status 200 hash 25a0d0aea8e3 cache backend/data/2025/regionales_candidate_pages_cache/regionales.macedoniadelnorte.com_bolivar_sifontes_cm-tumeremo_escuela-basica-nacional-unitaria-san-juan-de-venamo__17ec54db310b8cad.html; Asamblea URL status 404; codigo en TM Asamblea reconstruido: no.,INDETERMINADO,"Regionales 2025 renderiza el centro y reporta votantes, pero cantidadMesas=0; puede ser activo sin mesa publicada, residual o no usado para el marco Asamblea."
060801014,BOLÍVAR,BLVNO DE ANGOSTU,CM. CIUDAD PIAR,UNIDAD EDUCATIVA NACIONAL ANDRES BELLO,1,115,si,no,"si (1 mesa(s), 115 electores)",no,no,https://regionales.macedoniadelnorte.com/bolivar/blvno-de-angostu/cm-ciudad-piar/unidad-educativa-nacional-andres-bello,,Regionales API https://regionales.macedoniadelnorte.com/api/centros?parroquiaId=681f4f436346dcb578929cd5 hash 45b363906a33fd21b230e170581da80c3a132612e9a3e163a6ade5a86e020603; HTML Regionales status 200 hash d451dea6eec1 cache backend/data/2025/regionales_candidate_pages_cache/regionales.macedoniadelnorte.com_bolivar_blvno-de-angostu_cm-ciudad-piar_unidad-educativa-nacional-andres-bello__fcb7b1c243e6c1fc.html; Asamblea URL status 404; codigo en TM Asamblea reconstruido: no.,CONFIRMADO,API Regionales 2025 reporta cantidadMesas=1 y votantes>0; pagina publica renderiza el centro; Asamblea 2025 responde 404 y el codigo no esta en el TM reconstruido.
060802002,BOLÍVAR,BLVNO DE ANGOSTU,SAN FRANCISCO,COLEGIO SAN JUAN BAUTISTA,1,72,si,no,"si (1 mesa(s), 72 electores)","si (1 mesa(s), 100 electores)","si (1 mesa(s), 95 electores)",https://regionales.macedoniadelnorte.com/bolivar/blvno-de-angostu/san-francisco/colegio-san-juan-bautista,,Regionales API https://regionales.macedoniadelnorte.com/api/centros?parroquiaId=681f4f436346dcb578929cfe hash 9ad498b7042ec5b6fb653faa665c8e61f3c5be6f7aee66a24453f6de56ef22c3; HTML Regionales status 200 hash 1740cf74a639 cache backend/data/2025/regionales_candidate_pages_cache/regionales.macedoniadelnorte.com_bolivar_blvno-de-angostu_san-francisco_colegio-san-juan-bautista__12f21c8c712c5c0f.html; Asamblea URL status 404; codigo en TM Asamblea reconstruido: no.,CONFIRMADO,API Regionales 2025 reporta cantidadMesas=1 y votantes>0; pagina publica renderiza el centro; Asamblea 2025 responde 404 y el codigo no esta en el TM reconstruido.
060802006,BOLÍVAR,BLVNO DE ANGOSTU,SAN FRANCISCO,ESCUELA BASICA UNITARIA JUAS JUAL 1,1,92,si,no,"si (1 mesa(s), 92 electores)","si (1 mesa(s), 66 electores)","si (1 mesa(s), 63 electores)",https://regionales.macedoniadelnorte.com/bolivar/blvno-de-angostu/san-francisco/escuela-basica-unitaria-juas-jual-1,,Regionales API https://regionales.macedoniadelnorte.com/api/centros?parroquiaId=681f4f436346dcb578929cfe hash 9ad498b7042ec5b6fb653faa665c8e61f3c5be6f7aee66a24453f6de56ef22c3; HTML Regionales status 200 hash 0e73043c46f1 cache backend/data/2025/regionales_candidate_pages_cache/regionales.macedoniadelnorte.com_bolivar_blvno-de-angostu_san-francisco_escuela-basica-unitaria-juas-jual-1__63505d6a4bad1536.html; Asamblea URL status 404; codigo en TM Asamblea reconstruido: no.,CONFIRMADO,API Regionales 2025 reporta cantidadMesas=1 y votantes>0; pagina publica renderiza el centro; Asamblea 2025 responde 404 y el codigo no esta en el TM reconstruido.
060802011,BOLÍVAR,BLVNO DE ANGOSTU,SAN FRANCISCO,ESCUELA BASICA NACIONAL UNITARIA LOS MONOS NUCLEO ESCOLAR RURAL 188,1,71,si,no,"si (1 mesa(s), 71 electores)","si (1 mesa(s), 66 electores)","si (1 mesa(s), 64 electores)",https://regionales.macedoniadelnorte.com/bolivar/blvno-de-angostu/san-francisco/escuela-basica-nacional-unitaria-los-monos-nucleo-escolar-rural-188,,Regionales API https://regionales.macedoniadelnorte.com/api/centros?parroquiaId=681f4f436346dcb578929cfe hash 9ad498b7042ec5b6fb653faa665c8e61f3c5be6f7aee66a24453f6de56ef22c3; HTML Regionales status 200 hash 9ad2d6ae1a85 cache backend/data/2025/regionales_candidate_pages_cache/regionales.macedoniadelnorte.com_bolivar_blvno-de-angostu_san-francisco_escuela-basica-nacional-unitaria-los-monos-nucleo-escolar-rural-188__5e9c0e2b7df450c6.html; Asamblea URL status 404; codigo en TM Asamblea reconstruido: no.,CONFIRMADO,API Regionales 2025 reporta cantidadMesas=1 y votantes>0; pagina publica renderiza el centro; Asamblea 2025 responde 404 y el codigo no esta en el TM reconstruido.
060803009,BOLÍVAR,BLVNO DE ANGOSTU,BARCELONETA,ESCUELA BASICA NACIONAL BOLIVARIANA LAS BONITAS,0,167,si,no,"si (1 mesa(s), 167 electores)","si (1 mesa(s), 123 electores)","si (1 mesa(s), 122 electores)",https://regionales.macedoniadelnorte.com/bolivar/blvno-de-angostu/barceloneta/escuela-basica-nacional-bolivariana-las-bonitas,,Regionales API https://regionales.macedoniadelnorte.com/api/centros?parroquiaId=681f4f436346dcb578929d18 hash 6ec6f084ff4526b2e8537e0f9db3405dc9831e9c6766268415a0d6218e863ddb; HTML Regionales status 200 hash 0051cedfe3d2 cache backend/data/2025/regionales_candidate_pages_cache/regionales.macedoniadelnorte.com_bolivar_blvno-de-angostu_barceloneta_escuela-basica-nacional-bolivariana-las-bonitas__e3d29dad2e1f4d07.html; Asamblea URL status 404; codigo en TM Asamblea reconstruido: no.,INDETERMINADO,"Regionales 2025 renderiza el centro y reporta votantes, pero cantidadMesas=0; puede ser activo sin mesa publicada, residual o no usado para el marco Asamblea."
060803010,BOLÍVAR,BLVNO DE ANGOSTU,BARCELONETA,CENTRO DE EDUCACIÒN INTEGRAL BOLIVARIANO CAMPO GRANDE. EL CHIGUAO,0,89,si,no,"si (1 mesa(s), 89 electores)","si (1 mesa(s), 68 electores)","si (1 mesa(s), 66 electores)",https://regionales.macedoniadelnorte.com/bolivar/blvno-de-angostu/barceloneta/centro-de-educacion-integral-bolivariano-campo-grande-el-chiguao,,Regionales API https://regionales.macedoniadelnorte.com/api/centros?parroquiaId=681f4f436346dcb578929d18 hash 6ec6f084ff4526b2e8537e0f9db3405dc9831e9c6766268415a0d6218e863ddb; HTML Regionales status 200 hash af3584b4b8f1 cache backend/data/2025/regionales_candidate_pages_cache/regionales.macedoniadelnorte.com_bolivar_blvno-de-angostu_barceloneta_centro-de-educacion-integral-bolivariano-campo-grande-el-chiguao__3d48990a122d49a0.html; Asamblea URL status 404; codigo en TM Asamblea reconstruido: no.,INDETERMINADO,"Regionales 2025 renderiza el centro y reporta votantes, pero cantidadMesas=0; puede ser activo sin mesa publicada, residual o no usado para el marco Asamblea."
220101023,AMAZONAS,ATURES,FERNANDO GIRON TOVAR,CENTRO EDUCATIVO INTEGRAL BOLIVARIANO RIO VENTUARI,1,489,si,no,"si (1 mesa(s), 489 electores)","si (1 mesa(s), 270 electores)","si (1 mesa(s), 283 electores)",https://regionales.macedoniadelnorte.com/amazonas/atures/fernando-giron-tovar/centro-educativo-integral-bolivariano-rio-ventuari,,Regionales API https://regionales.macedoniadelnorte.com/api/centros?parroquiaId=681f4f506346dcb578935659 hash 4472c71194c515ecfdd4ca4a11aa82566f906b61d14d9b4036a42bc89305a03c; HTML Regionales status 200 hash 1dcc446fe7f4 cache backend/data/2025/regionales_candidate_pages_cache/regionales.macedoniadelnorte.com_amazonas_atures_fernando-giron-tovar_centro-educativo-integral-bolivariano-rio-ventuari__b07e5a8fcb71a137.html; Asamblea URL status 404; codigo en TM Asamblea reconstruido: no.,CONFIRMADO,API Regionales 2025 reporta cantidadMesas=1 y votantes>0; pagina publica renderiza el centro; Asamblea 2025 responde 404 y el codigo no esta en el TM reconstruido.
220402001,AMAZONAS,RIO NEGRO,SOLANO,ESCUELA BASICA ROMULO GALLEGOS,0,258,si,no,"si (1 mesa(s), 258 electores)","si (1 mesa(s), 280 electores)","si (1 mesa(s), 264 electores)",https://regionales.macedoniadelnorte.com/amazonas/rio-negro/solano/escuela-basica-romulo-gallegos,,Regionales API https://regionales.macedoniadelnorte.com/api/centros?parroquiaId=681f4f536346dcb578938fd1 hash 54c3989b56b869f6c97939090177fad0626cd14ccbd7a35cdc61f59e6306933e; HTML Regionales status 200 hash 31eeb2a4dbf5 cache backend/data/2025/regionales_candidate_pages_cache/regionales.macedoniadelnorte.com_amazonas_rio-negro_solano_escuela-basica-romulo-gallegos__0e100e83e926866a.html; Asamblea URL status 404; codigo en TM Asamblea reconstruido: no.,INDETERMINADO,"Regionales 2025 renderiza el centro y reporta votantes, pero cantidadMesas=0; puede ser activo sin mesa publicada, residual o no usado para el marco Asamblea."
220404002,AMAZONAS,RIO NEGRO,COCUY,UNIDAD EDUCATIVA EL COCUY,0,184,si,no,"si (1 mesa(s), 184 electores)",no,no,https://regionales.macedoniadelnorte.com/amazonas/rio-negro/cocuy/unidad-educativa-el-cocuy,,Regionales API https://regionales.macedoniadelnorte.com/api/centros?parroquiaId=681f4f536346dcb578938fe2 hash c3b2494af83312de9e44bffbf9bb511c7b4efc3b363865f23c577a26434cbfb3; HTML Regionales status 200 hash 1cdba487a26a cache backend/data/2025/regionales_candidate_pages_cache/regionales.macedoniadelnorte.com_amazonas_rio-negro_cocuy_unidad-educativa-el-cocuy__29fa21980498d895.html; Asamblea URL status 404; codigo en TM Asamblea reconstruido: no.,INDETERMINADO,"Regionales 2025 renderiza el centro y reporta votantes, pero cantidadMesas=0; puede ser activo sin mesa publicada, residual o no usado para el marco Asamblea."
220602004,AMAZONAS,MANAPIARE,ALTO VENTUARI,CENTRO MOVIL CAÑO IGUANA,0,107,si,no,"si (1 mesa(s), 107 electores)","si (1 mesa(s), 107 electores)","si (1 mesa(s), 104 electores)",https://regionales.macedoniadelnorte.com/amazonas/manapiare/alto-ventuari/centro-movil-cano-iguana,,Regionales API https://regionales.macedoniadelnorte.com/api/centros?parroquiaId=681f4f536346dcb578939045 hash 5fef4f7a78368f0c021f0012c7089f30062ebb14274541578e1eca940649cd35; HTML Regionales status 200 hash 14bd8e9d0c71 cache backend/data/2025/regionales_candidate_pages_cache/regionales.macedoniadelnorte.com_amazonas_manapiare_alto-ventuari_centro-movil-cano-iguana__e8c44fa1d1f8fc7b.html; Asamblea URL status 404; codigo en TM Asamblea reconstruido: no.,PROBABLE,"Regionales 2025 renderiza el centro y reporta 107 votantes; aparece historicamente con 1 mesa; junto con 220101023 explica aproximadamente la brecha de electores de Amazonas, pero cantidadMesas=0 impide confirmacion plena."
220704002,AMAZONAS,ALTO ORINOCO,MAVACA,UNIDAD EDUCATIVA YANOMAMI I,0,513,si,no,"si (1 mesa(s), 513 electores)","si (1 mesa(s), 478 electores)","si (1 mesa(s), 467 electores)",https://regionales.macedoniadelnorte.com/amazonas/alto-orinoco/mavaca/unidad-educativa-yanomami-i,,Regionales API https://regionales.macedoniadelnorte.com/api/centros?parroquiaId=681f4f536346dcb578939092 hash 97eb0bd3e699d20f6102c07fe9c3ce30c86ee164855baa3b3f88e6ec84e21537; HTML Regionales status 200 hash dd97c9b5f57a cache backend/data/2025/regionales_candidate_pages_cache/regionales.macedoniadelnorte.com_amazonas_alto-orinoco_mavaca_unidad-educativa-yanomami-i__c328860196ecedc8.html; Asamblea URL status 404; codigo en TM Asamblea reconstruido: no.,INDETERMINADO,"Regionales 2025 renderiza el centro y reporta votantes, pero cantidadMesas=0; puede ser activo sin mesa publicada, residual o no usado para el marco Asamblea."
230303004,DELTA AMACURO,ANTONIO DIAZ,MANUEL RENAUD,E.B.NTRA. SRA DE LA CONSOLATA - ARAGUABISI,0,467,si,no,"si (1 mesa(s), 467 electores)","si (1 mesa(s), 589 electores)","si (2 mesa(s), 618 electores)",https://regionales.macedoniadelnorte.com/delta-amacuro/antonio-diaz/manuel-renaud/ebntra-sra-de-la-consolata-araguabisi,,Regionales API https://regionales.macedoniadelnorte.com/api/centros?parroquiaId=681f4f536346dcb57893915c hash 2b22131e3207f3e7f424a4b91baf52f8dfb92af66eaa4716284c639363e9c8ab; HTML Regionales status 200 hash 477af7b4ef3c cache backend/data/2025/regionales_candidate_pages_cache/regionales.macedoniadelnorte.com_delta-amacuro_antonio-diaz_manuel-renaud_ebntra-sra-de-la-consolata-araguabisi__7e73c295d4e531af.html; Asamblea URL status 404; codigo en TM Asamblea reconstruido: no.,PROBABLE,"Regionales 2025 renderiza el centro y reporta votantes; Asamblea 2025 responde 404; aparece historicamente; el deficit de Delta esta localizado en Antonio Diaz, pero cantidadMesas=0 impide confirmarlo como mesa 2025 por si solo."
