codigo_centro,cod_estado,nombre_centro,estado,electores,mesas,rank_por_tamano,hist_pct_maduro_centro,hist_pct_maduro_estado,hist_diff_abs_pp,pasada,tolerancia_de_entrada,metodo,transicion
010115010,01,UNIDAD EDUCATIVA BOLIVARIANA PEDRO FONTES,Distrito Capital,6032,8,24,52.525725,51.320369,1.205356,1,2,legacy,2013_2018
010107021,01,UNIDAD EDUCATIVA NACIONAL BOLIVARIANA MIGUEL VILLAVICENCIO,Distrito Capital,5549,8,30,51.836822,51.320369,0.516453,1,2,legacy,2013_2018
010110169,01,ESCUELA BÁSICA NACIONAL ESPAÑA,Distrito Capital,4991,7,42,53.237245,51.320369,1.916877,1,2,legacy,2013_2018
010110038,01,UNIDAD EDUCATIVA NACIONAL ANTONIO JOSÉ DE SUCRE,Distrito Capital,4847,7,49,52.790943,51.320369,1.470574,1,2,legacy,2013_2018
010114002,01,ESCUELA BÁSICA BOLIVARIANA CARACCIOLO PARRA LEÓN,Distrito Capital,4739,7,56,51.305645,51.320369,0.014723,1,2,legacy,2013_2018
010110007,01,LICEO BOLIVARIANO LUIS ESPELOZÍN,Distrito Capital,4112,6,88,52.024088,51.320369,0.70372,1,2,legacy,2013_2018
010114045,01,UNIVERSIDAD EXPERIMENTAL SIMÓN RODRÍGUEZ,Distrito Capital,3673,5,113,52.14511,51.320369,0.824742,1,2,legacy,2013_2018
010110016,01,UNIDAD EDUCATIVA NACIONAL LICEO BOLIVARIANO NICANOR BOLET PERAZA,Distrito Capital,3509,5,125,52.29682,51.320369,0.976451,1,2,legacy,2013_2018
010110101,01,ESCUELA BÁSICA NACIONAL SUCRE,Distrito Capital,3384,5,142,49.753695,51.320369,1.566674,1,2,legacy,2013_2018
021301021,02,GRUPO ESCOLAR TOMAS MOGNA,Anzoategui,5372,7,6,48.645493,47.323629,1.321864,1,2,legacy,2013_2018
020101013,02,UNIDAD EDUCATIVA NARCISO FRAGACHAN,Anzoategui,5132,7,8,46.370143,47.323629,0.953486,1,2,legacy,2013_2018
021201006,02,UNIDAD EDUCATIVA HERNANDEZ PARES,Anzoategui,4832,7,12,48.125,47.323629,0.801371,1,2,legacy,2013_2018
020302026,02,UNIDAD EDUCATIVA DOCTOR JOSÉ GIL FORTOUL,Anzoategui,4602,7,16,48.801199,47.323629,1.47757,1,2,legacy,2013_2018
020101022,02,UNIDAD EDUCATIVA  VIENTO FRESCO,Anzoategui,4559,6,18,48.551913,47.323629,1.228284,1,2,legacy,2013_2018
020302001,02,ESCUELA ESTADAL DOMINGO MAZA VELASQUEZ,Anzoategui,4293,6,28,47.940642,47.323629,0.617013,1,2,legacy,2013_2018
030501013,03,LICEO BOLIVARIANO MANUEL ANTONIO NIEVES,Apure,4067,6,1,62.416332,61.76014,0.656192,1,2,legacy,2013_2018
030101001,03,ESCUELA BASICA BOLIVARIANA TERESA HURTADO,Apure,3540,5,9,62.294521,61.76014,0.534381,1,2,legacy,2013_2018
030603004,03,ESCUELA BASICA EL RECREO,Apure,3301,5,15,60.058522,61.76014,1.701618,1,2,legacy,2013_2018
041701009,04,UNIVERSIDAD DE CARABOBO MORITA II,Aragua,7226,10,2,53.099434,54.054519,0.955085,1,2,legacy,2013_2018
040202001,04,ESCUELA BASICA ROSA AMELIA FLORES,Aragua,6352,9,4,53.823894,54.054519,0.230625,1,2,legacy,2013_2018
040202009,04,CICLO BASICO MARI/O,Aragua,5267,7,14,54.077648,54.054519,0.023129,1,2,legacy,2013_2018
041302001,04,ESCUELA BASICA JOSE FELIX RIBAS,Aragua,4180,6,55,53.252788,54.054519,0.801731,1,2,legacy,2013_2018
040108012,04,ESCUELA BASICA ANIBAL CASTILLO,Aragua,3382,5,110,53.439336,54.054519,0.615182,1,2,legacy,2013_2018
040108006,04,ESCUELA BASICA AGUSTIN AVELEDO,Aragua,3345,5,115,55.633543,54.054519,1.579024,1,2,legacy,2013_2018
040202002,04,ESCUELA BASICA JOSEFINA BOLIVAR DE GONZALEZ,Aragua,2834,4,172,54.899497,54.054519,0.844979,1,2,legacy,2013_2018
050212001,05,ESCUELA BASICA ESTATAL VIRGINIA DE CONTRERAS,Barinas,4700,7,3,51.072235,52.188214,1.115979,1,2,legacy,2013_2018
050210005,05,UNIDAD  EDUCATIVA PADRE FELIPE  SALVADOR GILIJ,Barinas,3816,5,18,52.343494,52.188214,0.15528,1,2,legacy,2013_2018
050208004,05,ESCUELA BASICA LOURDES RIVAS  DE TORRES,Barinas,3723,5,20,52.735157,52.188214,0.546943,1,2,legacy,2013_2018
050302007,05,UNIDAD EDUCATIVA  JOSE RAMON TRASPUESTO,Barinas,3571,5,26,51.788699,52.188214,0.399515,1,2,legacy,2013_2018
060108025,06,UNIDAD EDUCATIVA NACIONAL DOCTOR LUIS BELTRAN PRIETO FIGUEROA,Bolivar,6565,9,6,48.819227,47.879948,0.939279,1,2,legacy,2013_2018
060101003,06,ESCUELA ESTADAL BASICA SILVANA DE IRADI,Bolivar,4325,6,33,48.130657,47.879948,0.250709,1,2,legacy,2013_2018
060303014,06,ESCUELA BASICA NACIONAL JOSE LUIS AFANADOR,Bolivar,4238,6,36,46.543918,47.879948,1.33603,1,2,legacy,2013_2018
060101023,06,ESCUELA NACIONAL BASICA ANTONIO DE BERRIOS,Bolivar,3898,5,48,47.252363,47.879948,0.627585,1,2,legacy,2013_2018
060302011,06,ESCUELA BASICA NACIONAL LOS PROCERES II,Bolivar,3882,6,49,47.027915,47.879948,0.852033,1,2,legacy,2013_2018
060306005,06,ESCUELA BASICA JOSE ANTONIO PAEZ,Bolivar,3831,5,50,47.571478,47.879948,0.30847,1,2,legacy,2013_2018
070401016,07,UNIDAD EDUCATIVA NACIONAL EL TOQUITO,Carabobo,5122,7,60,51.25502,50.513511,0.741509,1,2,legacy,2013_2018
070403003,07,GRUPO ESCOLAR CARLOS ARVELO,Carabobo,5039,7,63,50.735826,50.513511,0.222315,1,2,legacy,2013_2018
071301005,07,UNIDAD EDUCATIVA NACIONAL CAMPO SOLO,Carabobo,4746,7,74,51.738883,50.513511,1.225372,1,2,legacy,2013_2018
071402003,07,UNIDAD EDUCATIVA ESTADAL JUANA GOMEZ,Carabobo,4255,6,102,52.0908,50.513511,1.57729,1,2,legacy,2013_2018
070704005,07,ESCUELA MARIA CONCEPCION DE BOLIVAR,Carabobo,4107,6,116,49.708794,50.513511,0.804717,1,2,legacy,2013_2018
070401006,07,PRE ESCOLAR EL SAMAN CEI BOLIVARIANO EL SAMAN,Carabobo,3993,6,127,52.050184,50.513511,1.536673,1,2,legacy,2013_2018
070703004,07,ESCUELA BASICA LA SALLE BALOCHE,Carabobo,3935,6,133,49.941107,50.513511,0.572404,1,2,legacy,2013_2018
070705004,07,UNIDAD EDUCATIVA COLEGIO CENTRO ESTUDIO CARABOBO,Carabobo,3509,5,151,51.764706,50.513511,1.251195,1,2,legacy,2013_2018
080201004,08,ESCUELA BASICA ANTONIO JOSE DE SUCRE,Cojedes,2910,4,15,62.264151,61.165345,1.098806,1,2,legacy,2013_2018
080301002,08,LICEO BOLIVARIANO HIGINIO MORALES,Cojedes,2894,4,16,61.767442,61.165345,0.602096,1,2,legacy,2013_2018
091002014,09,ESCUELA TECNICA INDUSTRIAL ROBINSONIANA CORO  EXTENSION SAN JOSE,Falcon,4178,6,7,51.206518,53.03365,1.827132,1,2,legacy,2013_2018
091001020,09,ESCUELA BASICA VELITA II,Falcon,3696,5,19,54.666245,53.03365,1.632595,1,2,legacy,2013_2018
091001022,09,COMPLEJO EDUCATIVO MIGUEL LOPEZ GARCIA,Falcon,3683,5,20,54.483464,53.03365,1.449814,1,2,legacy,2013_2018
090401007,09,ESCUELA BÁSICA ANTIGUO AEROPUERTO,Falcon,3466,5,28,51.658951,53.03365,1.3747,1,2,legacy,2013_2018
100701003,10,ESCUELA BASICA NACIONAL RÓMULO GALLEGOS,Guarico,5067,7,4,58.064516,59.289042,1.224525,1,2,legacy,2013_2018
101101001,10,ESCUELA BASICA CARLOS IRAZABAL PEREZ,Guarico,4551,6,7,60.46389,59.289042,1.174849,1,2,legacy,2013_2018
100301009,10,ESCUELA BASICA CELINA ACOSTA DE VIANA,Guarico,4397,6,8,59.10275,59.289042,0.186292,1,2,legacy,2013_2018
100301021,10,LICEO FRANCISCO DE MIRANDA,Guarico,4005,6,19,58.421053,59.289042,0.867989,1,2,legacy,2013_2018
110207048,11,ESCUELA BASICA SIMON BOLIVAR,Lara,7145,10,3,48.099628,47.719486,0.380142,1,2,legacy,2013_2018
110207015,11,UNIDAD EDUCATVA BERNABE PLANAS,Lara,6514,9,5,46.332894,47.719486,1.386592,1,2,legacy,2013_2018
110204001,11,UNIDAD EDUCATIVA CORONEL GENARO VASQUEZ,Lara,5122,7,13,48.116357,47.719486,0.396871,1,2,legacy,2013_2018
110601017,11,UNIDAD EDUCATIVA ESTADAL RAIMUNDO PERNALETE,Lara,4398,6,20,48.577929,47.719486,0.858444,1,2,legacy,2013_2018
110601011,11,UNIDAD EDUCATIVA NACIONAL EXPEDITO CORTES,Lara,4238,6,26,46.286794,47.719486,1.432691,1,2,legacy,2013_2018
110601014,11,ESCUELA BASICA ARGENIS GRATEROL,Lara,4064,6,36,47.258198,47.719486,0.461288,1,2,legacy,2013_2018
110601019,11,UNIDAD EDUCATIVA NACIONAL  JUAN BAUTISTA FRANCO,Lara,3881,5,46,46.63801,47.719486,1.081475,1,2,legacy,2013_2018
120806002,12,UNIDAD EDUCATIVA ANDRES ELOY BLANCO,Merida,4709,6,1,42.17542,42.885591,0.710171,1,2,legacy,2013_2018
120107003,12,ESCUELA BASICA ANDRES BELLO,Merida,4375,6,3,44.389027,42.885591,1.503436,1,2,legacy,2013_2018
120806001,12,GRUPO ESCOLAR EL EDUCADOR,Merida,3574,5,11,41.290528,42.885591,1.595063,1,2,legacy,2013_2018
120406004,12,AULAS ANEXAS EDELMIRA LOBO,Merida,3431,5,18,44.046365,42.885591,1.160774,1,2,legacy,2013_2018
131101024,13,ESCUELA EL INGENIO,Miranda,5989,8,34,47.491704,47.296963,0.194741,1,2,legacy,2013_2018
131603002,13,UNIDAD EDUCATIVA ESTADAL  ADOLFO NAVAS  CORONADO,Miranda,5762,8,41,46.74864,47.296963,0.548322,1,2,legacy,2013_2018
130903007,13,UNIDAD EDUCATIVA FE Y ALEGRIA PADRE JOAQUIN LOPEZ,Miranda,4876,7,75,48.750336,47.296963,1.453373,1,2,legacy,2013_2018
130301037,13,UNIDAD ESTADAL EDUCATIVA CECILIO ACOSTA 1,Miranda,4830,7,79,48.217687,47.296963,0.920724,1,2,legacy,2013_2018
130901091,13,ESCUELA BASICA NACIONAL . ANTONIO ORDONEZ,Miranda,4760,7,86,48.246364,47.296963,0.949402,1,2,legacy,2013_2018
131603005,13,UNIDAD EDUCATIVA NACIONAL TITO SALAS,Miranda,4657,7,91,49.162615,47.296963,1.865652,1,2,legacy,2013_2018
130901099,13,UNIDAD EDUCATIVA NACIONAL LICEO MARIANO PICON SALAS,Miranda,4078,6,123,46.377264,47.296963,0.919698,1,2,legacy,2013_2018
131101007,13,GRUPO ESCOLAR ELIAS CALIXTO POMPA,Miranda,4010,6,127,47.066015,47.296963,0.230948,1,2,legacy,2013_2018
130901021,13,ESCUELA TECNICA LEONARDO INFANTE,Miranda,3903,5,139,47.940075,47.296963,0.643112,1,2,legacy,2013_2018
130801033,13,UNIDAD EDUCATIVA BENITO CANONICO,Miranda,3634,5,167,47.458725,47.296963,0.161762,1,2,legacy,2013_2018
140807001,14,ESCUELA TERESA CARREÑO,Monagas,3479,5,17,54.7759,55.464436,0.688536,1,2,legacy,2013_2018
140710010,14,ESCUELA PRIMARIA NACIONAL JUAN FRANCISCO MILA DE LA ROCA,Monagas,3129,4,35,55.289826,55.464436,0.17461,1,2,legacy,2013_2018
140708016,14,ESCUELA BASICA CECILIO ACOSTA,Monagas,2986,4,42,56.207192,55.464436,0.742756,1,2,legacy,2013_2018
140501001,14,ESCUELA BÁSICA ALBERTO RAVELL,Monagas,2842,4,53,55.008562,55.464436,0.455874,1,2,legacy,2013_2018
151101001,15,UNIDAD EDUCATIVA NACIONAL BOLIVARIANA MONSENOR EDUARDO VASQUEZ,Nueva Esparta,3242,5,7,45.916031,46.909744,0.993713,1,2,legacy,2013_2018
151102002,15,UNIDAD EDUCATIVA ESCUELA BÁSICA VILLA ROSA,Nueva Esparta,3103,4,10,45.847055,46.909744,1.062689,1,2,legacy,2013_2018
150601023,15,UNIDAD EDUCATIVA RAFAEL SALAZAR BRITO,Nueva Esparta,3090,4,12,46.281678,46.909744,0.628065,1,2,legacy,2013_2018
160101047,16,ESCUELA BASICA YOLANDA RIVERA DE PIERUZZINI,Portuguesa,3895,6,2,66.477093,65.453833,1.02326,1,2,legacy,2013_2018
160601021,16,UNIDAD EDUCATIVA COLEGIO PRIVADO FE Y ALEGRIA NUESTRA SENORA DE COROMOTO,Portuguesa,3420,5,14,67.132867,65.453833,1.679034,1,2,legacy,2013_2018
160601015,16,GRUPO ESCOLAR BOLIVARIANO DURIGUA,Portuguesa,2986,4,34,65.267616,65.453833,0.186216,1,2,legacy,2013_2018
160201006,16,ESCUELA BASICA  ANTONIO RODRIGUEZ PICON,Portuguesa,2551,4,59,65.757576,65.453833,0.303743,1,2,legacy,2013_2018
170903019,17,ESCUELA BOLIVARIANA RÍO CARIBE,Sucre,4864,7,3,57.444505,57.483592,0.039087,1,2,legacy,2013_2018
170301012,17,LICEO JOSÉ FRANCISCO BERMÚDEZ,Sucre,4030,6,10,58.107256,57.483592,0.623664,1,2,legacy,2013_2018
170907002,17,UNIDAD EDUCATIVA NUEVA CÓRDOBA,Sucre,3756,5,14,56.840455,57.483592,0.643137,1,2,legacy,2013_2018
170903006,17,UNIDAD EDUCATIVA GRAN MARISCAL DE AYACUCHO,Sucre,3268,5,28,57.806065,57.483592,0.322473,1,2,legacy,2013_2018
181601011,18,ESCUELA TECNICA INDUSTRIAL ROBINSONIANA SIMON BOLIVAR,Tachira,5547,8,7,37.333333,36.97814,0.355193,1,2,legacy,2013_2018
181001004,18,ESCUELA BASICA NACIONAL BOLIVARIANA DOCTOR FRANCISCO JAVIER GARCIA DE HEVIA,Tachira,4119,6,26,38.404065,36.97814,1.425924,1,2,legacy,2013_2018
181601001,18,ESCUELA BOLIVARIANA NACIONAL LA FRONTERA,Tachira,4049,6,29,35.516373,36.97814,1.461767,1,2,legacy,2013_2018
180202001,18,GRUPO ESCOLAR  EL PALOTAL,Tachira,3981,6,30,37.587007,36.97814,0.608867,1,2,legacy,2013_2018
181201011,18,UNIDAD EDUCATIVA GENERAL JOSE ANTONIO PAEZ,Tachira,3773,5,40,35.314325,36.97814,1.663815,1,2,legacy,2013_2018
190702007,19,ESCUELA BOLIVARIANA CIUDAD DE VALERA,Trujillo,3334,5,14,60.973663,59.789413,1.18425,1,2,legacy,2013_2018
190507001,19,UNIDAD EDUCATIVA DOCTOR ANDRÉS LOMELLI ROSARIO,Trujillo,3230,5,20,58.86338,59.789413,0.926034,1,2,legacy,2013_2018
192002005,19,ESCUELA BOLIVARIANA VIVIENDA RURAL,Trujillo,3094,4,23,59.760132,59.789413,0.029281,1,2,legacy,2013_2018
190202005,19,ESCUELA BOLIVARIANA PRESBÍTERO JOSÉ DE JESÚS ESPINOZA,Trujillo,3060,4,24,59.349593,59.789413,0.43982,1,2,legacy,2013_2018
200401020,20,ESCUELA BASICA CARMEN DE RAMIREZ,Yaracuy,3202,5,6,55.055322,56.530006,1.474683,1,2,legacy,2013_2018
200302002,20,ESCUELA INTEGRAL BOLIVARIANA PEDRO MARIA SOSA,Yaracuy,2217,3,37,54.800937,56.530006,1.729069,1,2,legacy,2013_2018
200301007,20,LICEO BOLIVARIANO HERIBERTO NUÑEZ OLIVEROS,Yaracuy,1853,3,54,55.989233,56.530006,0.540773,1,2,legacy,2013_2018
210513002,21,ESCUELA BASICA NACIONAL CUATRICENTENARIA,Zulia,6571,9,14,47.068933,47.688074,0.619142,1,2,legacy,2013_2018
210515002,21,ESCUELA BASICA NACIONAL LUIS GUILLERMO SANCHEZ,Zulia,6340,9,21,48.060969,47.688074,0.372894,1,2,legacy,2013_2018
210513016,21,ESCUELA BASICA NACIONAL MAXIMA ARTEAGA PEREZ,Zulia,6312,9,22,49.134746,47.688074,1.446672,1,2,legacy,2013_2018
210305005,21,ESCUELA ENCONTRADOS,Zulia,5992,8,27,49.085659,47.688074,1.397585,1,2,legacy,2013_2018
210514008,21,UNIDAD EDUCATIVA NACIONAL HERMANO IDELFONZO GUTIERREZ,Zulia,5926,8,30,47.92912,47.688074,0.241046,1,2,legacy,2013_2018
211805009,21,UNIDAD  EDUCATIVA  ARQUIDIOCESANA MADRE LAURA,Zulia,5910,8,31,46.44854,47.688074,1.239534,1,2,legacy,2013_2018
211102016,21,ESCUELA NACIONAL LOS SAMANES,Zulia,5537,8,41,46.347785,47.688074,1.340289,1,2,legacy,2013_2018
211805012,21,ESCUELA BASICA NACIONAL SISO MARTINEZ,Zulia,5391,7,44,48.104317,47.688074,0.416243,1,2,legacy,2013_2018
210516002,21,ESCUELA BASICA NACIONAL BACHILLER RAFAEL ESCANDELA,Zulia,4908,7,61,47.717149,47.688074,0.029075,1,2,legacy,2013_2018
211803008,21,ESCUELA BASICA NACIONAL JOSE ANTONIO CALCAÑO,Zulia,4773,7,65,48.174048,47.688074,0.485974,1,2,legacy,2013_2018
211805013,21,UNIDAD EDUCATIVA NACIONAL GONZALO RINCON GUTIERREZ,Zulia,4711,7,76,47.615304,47.688074,0.07277,1,2,legacy,2013_2018
210503009,21,LICEO NACIONAL DR JESUS ENRIQUE LOSSADA,Zulia,4647,7,80,47.262724,47.688074,0.425351,1,2,legacy,2013_2018
220102014,22,LICEO BOLIVARIANO CECILIO ACOSTA,Amazonas,3440,5,1,53.483992,52.458365,1.025628,1,2,legacy,2013_2018
220102008,22,ESCUELA BASICA SIMON RODRIGUEZ,Amazonas,2552,4,7,53.030303,52.458365,0.571938,1,2,legacy,2013_2018
230202001,23,ESCUELA BOLIVARIANA OROCOIMA,Delta Amacuro,1027,2,36,61.778471,61.63058,0.147891,1,2,legacy,2013_2018
230108008,23,CONCENTRACION ESCOLAR NUMERO 1,Delta Amacuro,953,2,38,63.61186,61.63058,1.98128,1,2,legacy,2013_2018
240104001,24,UNIDAD EDUCATIVA ESTADAL EMILIO GIMON STERLING,La Guaira,4458,6,6,55.667724,57.085172,1.417448,1,2,legacy,2013_2018
240104010,24,UNIDAD EDUCATIVA ESTATAL DOCTOR ALFREDO MACHADO,La Guaira,4291,6,8,56.292367,57.085172,0.792805,1,2,legacy,2013_2018
240107011,24,GRUPO ESCOLAR REPUBLICA DEL SALVADOR,La Guaira,3907,6,12,57.402512,57.085172,0.31734,1,2,legacy,2013_2018
010119003,01,LICEO BOLIVARIANO PEDRO EMILIO COLL,Distrito Capital,7424,8,5,68.936679,70.89212,1.955442,1,2,legacy,2018_2024
010108025,01,UNIDAD EDUCATIVA COLEGIO GRAN COLOMBIA,Distrito Capital,7406,7,6,71.87642,70.89212,0.9843,1,2,legacy,2018_2024
010116002,01,UNIDAD EDUCATIVA NACIONAL BOLIVARIANO CLAUDIO FELICIANO,Distrito Capital,6628,4,14,69.372787,70.89212,1.519333,1,2,legacy,2018_2024
010114020,01,ESCUELA BÁSICA NACIONAL CARMÉN MAIZO DE BELLO,Distrito Capital,6405,7,17,70.232558,70.89212,0.659562,1,2,legacy,2018_2024
010107010,01,ESCUELA NACIONAL BOLIVARIANA 19 DE ABRIL,Distrito Capital,6155,5,19,69.132455,70.89212,1.759665,1,2,legacy,2018_2024
010110022,01,UNIDAD EDUCATIVA NACIONAL MIGUEL ANTONIO CARO,Distrito Capital,6025,5,22,69.839015,70.89212,1.053105,1,2,legacy,2018_2024
010111013,01,UNIDAD EDUCATIVA NACIONAL 23 DE ENERO,Distrito Capital,5655,5,24,70.440821,70.89212,0.451299,1,2,legacy,2018_2024
021301011,02,GRUPO ESCOLAR INES MARIA DE POTENTINI,Anzoategui,5664,6,6,58.975318,60.720968,1.74565,1,2,legacy,2018_2024
021601007,02,UNIDAD EDUCATIVA ESTADAL FRANCISCO FAJARDO,Anzoategui,5616,4,7,60.486049,60.720968,0.234919,1,2,legacy,2018_2024
020301027,02,ESCUELA NACIONAL PRIMARIA DOCTOR JOSÉ MARIA VARGAS,Anzoategui,5334,6,13,61.125509,60.720968,0.404541,1,2,legacy,2018_2024
021301015,02,ESCUELA VALLE LINDO,Anzoategui,4750,5,20,59.467973,60.720968,1.252994,1,2,legacy,2018_2024
021301004,02,LICEO CRISTOBAL COLON,Anzoategui,4585,5,25,61.571307,60.720968,0.850339,1,2,legacy,2018_2024
020401002,02,LICEO BOLIVARIANO DOCTOR JOSÉ RAFAEL DOMÍNGUEZ,Anzoategui,4545,5,26,59.106239,60.720968,1.614728,1,2,legacy,2018_2024
020301018,02,ESCUELA NACIONAL BARRIO UNIVERSITARIO,Anzoategui,4385,5,34,62.007011,60.720968,1.286044,1,2,legacy,2018_2024
030501001,03,ESCUELA BASICA SIMON GARCIA ROSALES,Apure,3111,3,16,68.669202,69.231693,0.562492,1,2,legacy,2018_2024
030604001,03,ESCUELA BASICA BOLIVARIANA MADARIAGA,Apure,3015,3,20,68.625954,69.231693,0.605739,1,2,legacy,2018_2024
030601011,03,ESCUELA BASICA ANDRES ELOY BLANCO,Apure,2772,3,27,70.39555,69.231693,1.163857,1,2,legacy,2018_2024
040103002,04,ESCUELA BASICA GREGORIA DIAZ,Aragua,7152,8,1,72.105263,71.252347,0.852916,1,2,legacy,2018_2024
040101011,04,UNIDAD EDUCATIVA ESTADAL DOLORES MENDOZA DE OSORIO,Aragua,5964,7,9,72.187822,71.252347,0.935475,1,2,legacy,2018_2024
040301012,04,ESCUELA BASICA ESTADAL AMERICA FERNANDEZ DE LEONI,Aragua,5817,3,10,71.881302,71.252347,0.628955,1,2,legacy,2018_2024
040902003,04,ESCUELA BASICA SAN ISIDRO LABRADOR,Aragua,4980,6,18,70.585523,71.252347,0.666824,1,2,legacy,2018_2024
040101009,04,CICLO BASICO ANDRES BELLO,Aragua,4775,5,27,69.517685,71.252347,1.734663,1,2,legacy,2018_2024
040108009,04,UNIDAD EDUCATIVA NACIONAL  ANTONIO GARCIA ROJO,Aragua,4524,4,35,72.528926,71.252347,1.276578,1,2,legacy,2018_2024
040106002,04,ESCUELA BASICA RAFAEL URDANETA,Aragua,4472,4,39,72.597137,71.252347,1.34479,1,2,legacy,2018_2024
050401006,05,LICEO BOLIVARIANO ELIAS ARAQUE MULLER,Barinas,4134,3,7,59.650219,59.604485,0.045733,1,2,legacy,2018_2024
050401005,05,UNIDAD EDUCATIVA PRIVADO COLEGIO CORAZON DE MARIA,Barinas,4080,5,8,59.462999,59.604485,0.141486,1,2,legacy,2018_2024
050603001,05,UNIDAD EDUCATIVA SAN RAFAEL DE CANAGUA,Barinas,3684,4,19,59.127625,59.604485,0.47686,1,2,legacy,2018_2024
050601001,05,ESCUELA BASICA JOSE FRANCISCO JIMENEZ,Barinas,3624,4,25,60.034752,59.604485,0.430267,1,2,legacy,2018_2024
060108014,06,UNIDAD EDUCATIVA AUYANTEPUY,Bolivar,6314,7,6,58.749438,59.815233,1.065795,1,2,legacy,2018_2024
060103002,06,ESCUELA BASICA FE Y ALEGRIA NUEVA GUAYANA,Bolivar,5952,6,9,58.31899,59.815233,1.496243,1,2,legacy,2018_2024
060401003,06,ESCUELA BASICA NACIONAL ISAURA GOMEZ DE AYALA,Bolivar,5082,6,11,58.870968,59.815233,0.944265,1,2,legacy,2018_2024
060108015,06,ESCUELA TECNICA COMERCIAL ANDRES BELLO,Bolivar,5070,6,12,58.263971,59.815233,1.551261,1,2,legacy,2018_2024
060105010,06,ESCUELA NACIONAL BASICA NUEVO MUNDO,Bolivar,4552,4,22,58.320951,59.815233,1.494282,1,2,legacy,2018_2024
070904028,07,UNIDAD ESCOLAR NEGRO PRIMERO,Carabobo,6237,7,15,65.125,65.555724,0.430724,1,2,legacy,2018_2024
070401001,07,UNIDAD EDUCATIVA  NACIONAL   LUIS AUGUSTO MACHADO CISNEROS,Carabobo,6139,7,17,65.086531,65.555724,0.469193,1,2,legacy,2018_2024
070401016,07,UNIDAD EDUCATIVA NACIONAL EL TOQUITO,Carabobo,6027,7,19,66.586731,65.555724,1.031006,1,2,legacy,2018_2024
070904018,07,ESCUELA BASICA ESTADAL RAUL VILLARROEL,Carabobo,5934,6,21,64.378801,65.555724,1.176923,1,2,legacy,2018_2024
070908036,07,PRE  ESCOLAR MUNICIPAL LAS PALMITAS,Carabobo,5736,6,28,65.324725,65.555724,0.231,1,2,legacy,2018_2024
071301001,07,GRUPO ESCOLAR QUEIPA,Carabobo,5532,6,34,67.483871,65.555724,1.928147,1,2,legacy,2018_2024
070401002,07,UNIDAD EDUACTIVA   NACIONAL JOSE GREGORIO GUITIAN E,Carabobo,5256,6,41,63.886572,65.555724,1.669152,1,2,legacy,2018_2024
080201002,08,ESCUELA  BASICA JESUS MARTIN LEON,Cojedes,3636,4,1,67.40067,66.92687,0.4738,1,2,legacy,2018_2024
080201017,08,ESCUELA BASICA  EDUARDO NOGUERA,Cojedes,3237,3,6,66.732969,66.92687,0.193902,1,2,legacy,2018_2024
080901002,08,ESCUELA  BASICA  JUAN ANGEL BRAVO,Cojedes,2574,3,11,65.765766,66.92687,1.161105,1,2,legacy,2018_2024
090402004,09,ESCUELA BÁSICA VICTOR LINO GÓMEZ,Falcon,4910,5,2,57.544619,59.221804,1.677185,1,2,legacy,2018_2024
091602002,09,ESCUELA BÁSICA BOLIVARIANA CREOLANDIA,Falcon,4190,5,7,59.236453,59.221804,0.01465,1,2,legacy,2018_2024
090403009,09,LICEO BOLIVARIANO ALEJANDRO PETION,Falcon,4070,5,10,58.066362,59.221804,1.155442,1,2,legacy,2018_2024
090403020,09,ESCUELA BASICA BOLIVARIANA ANDRES BELLO,Falcon,4005,5,11,59.302949,59.221804,0.081145,1,2,legacy,2018_2024
091001007,09,ESCUELA BÁSICA LUCAS ADAMES,Falcon,3928,4,13,57.680412,59.221804,1.541391,1,2,legacy,2018_2024
100101010,10,UNIDAD EDUCATIVA LOURDES CAMERO RAMIREZ,Guarico,4185,5,9,75.082742,73.397625,1.685117,1,2,legacy,2018_2024
100301031,10,UNIDAD EDUCATIVA JOSE FELIX RIBAS,Guarico,3916,4,16,75.148869,73.397625,1.751243,1,2,legacy,2018_2024
101101001,10,ESCUELA BASICA CARLOS IRAZABAL PEREZ,Guarico,3536,4,26,71.632124,73.397625,1.765501,1,2,legacy,2018_2024
100701004,10,ESCUELA ESTADAL DELFINA FEMAYOR DE MOLINA,Guarico,3471,3,28,71.813953,73.397625,1.583672,1,2,legacy,2018_2024
110503001,11,UNIDAD EDUCATIVA AGUA VIVA,Lara,5670,5,3,67.978003,66.720956,1.257047,1,2,legacy,2018_2024
110601009,11,ESCUELA BOLIVARIANA JOSE HERRERA OROPEZA,Lara,5490,6,5,66.783585,66.720956,0.062628,1,2,legacy,2018_2024
110207053,11,ESCUELA PRIMARIA BOLIVARIANA MEDIA JORNADA JUAN DE VILLEGAS,Lara,4840,5,12,67.724003,66.720956,1.003046,1,2,legacy,2018_2024
110205006,11,UNIDAD EDUCATIVA ANDRES BELLO,Lara,4464,4,16,66.433566,66.720956,0.28739,1,2,legacy,2018_2024
110601017,11,UNIDAD EDUCATIVA ESTADAL RAIMUNDO PERNALETE,Lara,4350,5,18,64.980843,66.720956,1.740114,1,2,legacy,2018_2024
110202022,11,UNIDAD EDUCATIVA VIRGINIA DE ANDRADE,Lara,3640,4,35,66.41791,66.720956,0.303046,1,2,legacy,2018_2024
120806001,12,GRUPO ESCOLAR EL EDUCADOR,Merida,4510,5,5,67.043049,66.606371,0.436678,1,2,legacy,2018_2024
121804001,12,GRUPO ESCOLAR ESTADO PORTUGUESA,Merida,4495,5,6,66.433566,66.606371,0.172804,1,2,legacy,2018_2024
120806002,12,UNIDAD EDUCATIVA ANDRES ELOY BLANCO,Merida,4470,5,7,64.825581,66.606371,1.780789,1,2,legacy,2018_2024
120106004,12,LICEO DOCTOR ALBERTO ADRIANI,Merida,3820,4,16,66.411379,66.606371,0.194992,1,2,legacy,2018_2024
130901012,13,COLEGIO JOSE DE JESUS AROCHA,Miranda,7360,8,14,75.30691,76.103796,0.796886,1,2,legacy,2018_2024
131201007,13,UNIDAD EDUCATIVA NACIONAL CECILIO ACOSTA,Miranda,7014,7,18,75.343175,76.103796,0.760621,1,2,legacy,2018_2024
130901070,13,ESCUELA NACIONAL BARTOLOME SALOM,Miranda,6784,4,19,75.007939,76.103796,1.095857,1,2,legacy,2018_2024
130402004,13,LICEO BOLIVARIANO CARTANAL II,Miranda,6288,6,25,75.252671,76.103796,0.851125,1,2,legacy,2018_2024
130901067,13,UNIDAD EDUCATIVA ALBERTO RAVELL,Miranda,5852,4,32,76.266861,76.103796,0.163065,1,2,legacy,2018_2024
130901084,13,ESCUELA MUNICIPAL COROMOTO,Miranda,5817,3,33,77.507599,76.103796,1.403802,1,2,legacy,2018_2024
131603002,13,UNIDAD EDUCATIVA ESTADAL  ADOLFO NAVAS  CORONADO,Miranda,5745,3,36,74.837093,76.103796,1.266704,1,2,legacy,2018_2024
130901095,13,COLEGIO ARMANDO REVERON,Miranda,5460,6,43,75.670498,76.103796,0.433298,1,2,legacy,2018_2024
130701021,13,ESCUELA BASICA NACIONAL LA CEIBA DEL ALTO,Miranda,5328,6,50,75.517844,76.103796,0.585953,1,2,legacy,2018_2024
140601007,14,UNIDAD EDUCATIVA FE Y ALEGRÍA TEMBLADOR,Monagas,5036,4,5,64.463956,64.569134,0.105179,1,2,legacy,2018_2024
140401003,14,ESCUELA BÁSICA BOLIVARIANA JOSÉ FRANCISCO BERMÚDEZ,Monagas,4295,5,8,65.209891,64.569134,0.640757,1,2,legacy,2018_2024
140708018,14,COMPLEJO EDUCATIVO  ANGEL DE LA GUARDA FE Y ALEGRÍA,Monagas,4212,4,9,66.116071,64.569134,1.546937,1,2,legacy,2018_2024
140708019,14,ESCUELA BASICA PRIMERO DE MAYO,Monagas,4080,4,11,62.975027,64.569134,1.594107,1,2,legacy,2018_2024
150601008,15,UNIDAD EDUCATIVA DOCTOR RAÚL LEONI,Nueva Esparta,5650,5,2,71.823956,70.128847,1.695109,1,2,legacy,2018_2024
150601026,15,ESCUELA BASICA ESTADO ZULIA,Nueva Esparta,4255,5,4,68.956522,70.128847,1.172326,1,2,legacy,2018_2024
150601016,15,UNIDAD EDUCATIVA CANDIDO SÁNCHEZ,Nueva Esparta,3356,4,9,70.860448,70.128847,0.731601,1,2,legacy,2018_2024
160801008,16,ESCUELA BASICA TIBERIO GRATEROL,Portuguesa,4145,5,3,67.918277,65.943872,1.974405,1,2,legacy,2018_2024
160601017,16,ESCUELA BOLIVARIANA ROMULO GALLEGOS,Portuguesa,3588,4,13,64.306084,65.943872,1.637788,1,2,legacy,2018_2024
160601002,16,UNIDAD EDUCATIVA NACIONAL HERMANAS PERAZA,Portuguesa,3474,3,15,67.381417,65.943872,1.437545,1,2,legacy,2018_2024
160101050,16,UNIDAD EDUCATIVA BOLIVARIANA NACIONAL VILLAS DEL PILAR,Portuguesa,3292,4,26,65.992647,65.943872,0.048775,1,2,legacy,2018_2024
160802002,16,ESCUELA BASICA LA MISION,Portuguesa,3264,4,27,67.018349,65.943872,1.074477,1,2,legacy,2018_2024
170903019,17,ESCUELA BOLIVARIANA RÍO CARIBE,Sucre,4892,4,3,65.481887,66.512811,1.030924,1,2,legacy,2018_2024
170301012,17,LICEO JOSÉ FRANCISCO BERMÚDEZ,Sucre,3828,4,15,65.699334,66.512811,0.813477,1,2,legacy,2018_2024
170901023,17,UNIDADEDUCATIVA CRISTÓBAL DE QUEZADA,Sucre,3717,3,17,66.738428,66.512811,0.225617,1,2,legacy,2018_2024
170907002,17,UNIDAD EDUCATIVA NUEVA CÓRDOBA,Sucre,3656,4,18,67.760791,66.512811,1.24798,1,2,legacy,2018_2024
170904012,17,ESCUELA PRIMARIA BOLIVARIANA ESTADO NUEVA ESPARTA,Sucre,3648,4,19,66.903553,66.512811,0.390742,1,2,legacy,2018_2024
180403002,18,UNIDAD EDUCATIVA NACIONAL LICEO LIBERTADOR,Tachira,8554,7,1,68.286445,67.981093,0.305352,1,2,legacy,2018_2024
180401017,18,UNIDAD EDUCATIVA NACIONAL SIMON CANDIALES,Tachira,5184,6,9,69.651741,67.981093,1.670649,1,2,legacy,2018_2024
180401016,18,ESCUELA BOLIVARIANA TUCAPE,Tachira,4926,6,11,68.108108,67.981093,0.127016,1,2,legacy,2018_2024
180401004,18,COLEGIO NUESTRA SEÑORA DE LA CONSOLACION DE TARIBA,Tachira,4310,5,16,68.412943,67.981093,0.43185,1,2,legacy,2018_2024
180401002,18,LICEO BOLIVARIANO LUIS LOPEZ MENDEZ,Tachira,4245,5,17,66.395664,67.981093,1.585429,1,2,legacy,2018_2024
180201001,18,UNIDAD EDUCATIVA MANUEL FELIPE RUGELES,Tachira,4152,4,19,67.056856,67.981093,0.924236,1,2,legacy,2018_2024
191303002,19,UNIDAD EDUCATIVA RAFAEL QUEVEDO URBINA,Trujillo,3465,3,7,65.075529,64.62467,0.450859,1,2,legacy,2018_2024
190501004,19,ESCUELA BOLIVARIANA CARRILLO GUERRA,Trujillo,3380,4,11,64.940022,64.62467,0.315352,1,2,legacy,2018_2024
190507001,19,UNIDAD EDUCATIVA DOCTOR ANDRÉS LOMELLI ROSARIO,Trujillo,3210,3,15,65.301837,64.62467,0.677167,1,2,legacy,2018_2024
191303001,19,UNIDAD EDUCATIVA  MANUEL MARIA CARRASQUERO,Trujillo,3156,4,19,65.724382,64.62467,1.099711,1,2,legacy,2018_2024
200701025,20,ESCUELA BASICA AMERICA YUDITH IBARRA,Yaracuy,3536,4,2,62.795375,62.830806,0.035431,1,2,legacy,2018_2024
201301002,20,ESCUELA BASICA TOMAS GIMENEZ,Yaracuy,3220,4,4,64.795667,62.830806,1.964861,1,2,legacy,2018_2024
200201009,20,UNIDAD EDUCATIVA CARLOS JOSE MUJICA,Yaracuy,3024,4,7,61.826822,62.830806,1.003984,1,2,legacy,2018_2024
200701033,20,CENTRO DE EDUCACION INICIAL BOLIVARIANO SABANITA,Yaracuy,2996,4,8,62.803235,62.830806,0.027571,1,2,legacy,2018_2024
210513002,21,ESCUELA BASICA NACIONAL CUATRICENTENARIA,Zulia,5928,6,19,71.5,72.015941,0.515941,1,2,legacy,2018_2024
211805009,21,UNIDAD  EDUCATIVA  ARQUIDIOCESANA MADRE LAURA,Zulia,5795,5,22,72.727273,72.015941,0.711331,1,2,legacy,2018_2024
211805012,21,ESCUELA BASICA NACIONAL SISO MARTINEZ,Zulia,5460,6,35,73.078806,72.015941,1.062864,1,2,legacy,2018_2024
210305008,21,UNIDAD EDUCATIVA ESTADAL  MARISCAL ANTONIO JOSE DE SUCRE,Zulia,4912,4,49,71.347607,72.015941,0.668334,1,2,legacy,2018_2024
210503009,21,LICEO NACIONAL DR JESUS ENRIQUE LOSSADA,Zulia,4870,5,52,70.385126,72.015941,1.630815,1,2,legacy,2018_2024
211805013,21,UNIDAD EDUCATIVA NACIONAL GONZALO RINCON GUTIERREZ,Zulia,4710,3,60,70.762959,72.015941,1.252983,1,2,legacy,2018_2024
212001002,21,UNIDAD EDUCATIVA NACIONAL BERNARDO VILLASMIL,Zulia,4484,4,66,72.505712,72.015941,0.489771,1,2,legacy,2018_2024
211806001,21,ESCUELA BASICA ESTADAL TERESA LOPEZ BUSTAMANTE EZA,Zulia,4345,5,72,70.506455,72.015941,1.509487,1,2,legacy,2018_2024
210513007,21,ESCUELA BASICA ESTADAL EL ROSARIO,Zulia,4310,5,74,73.640435,72.015941,1.624494,1,2,legacy,2018_2024
212001001,21,UNIDAD EDUCATIVA SANTA BARBARA,Zulia,4260,5,79,73.549258,72.015941,1.533316,1,2,legacy,2018_2024
211803033,21,ESCUELA BASICA NACIONAL GRAN MARISCAL DE AYACUCHO,Zulia,4205,5,81,71.224363,72.015941,0.791579,1,2,legacy,2018_2024
220101001,22,UNIDAD EDUCATIVA AMAZONAS,Amazonas,2440,2,5,60.415004,61.36296,0.947956,1,2,legacy,2018_2024
220102012,22,UNIDAD EDUCATIVA BOLIVARIANA LA INDEPENDENCIA,Amazonas,1356,2,16,60.916767,61.36296,0.446193,1,2,legacy,2018_2024
230105006,23,SIMONCITO BOLIVARIANO DIVINO NIÑO  LOS COCOS,Delta Amacuro,1122,2,29,65.521978,65.90959,0.387612,1,2,legacy,2018_2024
230104007,23,CE LEONCIO MARTINEZ  GUASINA,Delta Amacuro,828,1,46,66.273187,65.90959,0.363597,1,2,legacy,2018_2024
240101002,24,UNIDAD EDUCATIVA NACIONAL CORAPAL,La Guaira,4580,4,4,74.972004,74.429675,0.542329,1,2,legacy,2018_2024
240104013,24,UNIDAD EDUCATIVA NACIONAL NARCISO GONELL,La Guaira,4525,5,5,72.761194,74.429675,1.668481,1,2,legacy,2018_2024
240111010,24,UNIDAD EDUCATIVA ESTATAL JESUS MARIA PORTILLO,La Guaira,4292,4,6,74.354839,74.429675,0.074836,1,2,legacy,2018_2024
