record_type,from_year,to_year,n_estados,median_pearson_state,p25_pearson_state,p75_pearson_state,median_r2_state,p25_r2_state,p75_r2_state,n_states_pearson_positive,n_states_pearson_gt_0_5,n_states_r2_gt_0_25,n_states_r2_gt_0_50,cod_estado,estado,n_centros,pearson,spearman,ols_slope,ols_intercept,r2,sd_residual_prev,sd_residual_next,mae_delta_residual
national_summary,2006,2012,24.0,0.848861,0.789724,0.876363,0.720567,0.623688,0.768045,24.0,23.0,23.0,22.0,,,,,,,,,,,
national_summary,2012,2013,24.0,0.976843,0.971263,0.984611,0.954223,0.943352,0.96946,24.0,24.0,24.0,24.0,,,,,,,,,,,
national_summary,2013,2018,24.0,0.656948,0.548545,0.753791,0.431657,0.301129,0.568289,24.0,20.0,20.0,8.0,,,,,,,,,,,
national_summary,2018,2024,24.0,0.697929,0.627208,0.765719,0.487186,0.393569,0.586327,24.0,21.0,21.0,11.0,,,,,,,,,,,
state_transition,2006,2012,,,,,,,,,,,,01,Distrito Capital,674.0,0.96526,0.961252,0.944586,-1.930647,0.931727,17.790669,17.409622,3.709894
state_transition,2006,2012,,,,,,,,,,,,02,Anzoategui,493.0,0.871961,0.850517,0.958456,0.503572,0.760315,13.888126,15.26577,5.697961
state_transition,2006,2012,,,,,,,,,,,,03,Apure,213.0,0.750726,0.7405,0.863431,1.176524,0.563589,10.815221,12.438897,6.4629
state_transition,2006,2012,,,,,,,,,,,,04,Aragua,422.0,0.941833,0.940374,1.080498,-0.719027,0.88705,15.267957,17.515829,4.359101
state_transition,2006,2012,,,,,,,,,,,,05,Barinas,391.0,0.781336,0.786138,0.855526,2.607492,0.610487,13.966392,15.292534,7.546096
state_transition,2006,2012,,,,,,,,,,,,06,Bolivar,529.0,0.865197,0.838823,1.025225,0.323755,0.748565,14.771342,17.503473,6.41945
state_transition,2006,2012,,,,,,,,,,,,07,Carabobo,483.0,0.961876,0.950464,1.029961,-1.12202,0.925205,18.095853,19.37675,3.849146
state_transition,2006,2012,,,,,,,,,,,,08,Cojedes,168.0,0.79252,0.768074,0.958045,0.796527,0.628088,11.242378,13.590449,6.492958
state_transition,2006,2012,,,,,,,,,,,,09,Falcon,577.0,0.796646,0.806551,0.845477,2.233542,0.634645,14.359501,15.239682,7.001481
state_transition,2006,2012,,,,,,,,,,,,10,Guarico,286.0,0.847368,0.825144,1.015359,-0.021038,0.718033,10.928111,13.094609,5.277164
state_transition,2006,2012,,,,,,,,,,,,11,Lara,774.0,0.863497,0.847673,0.990908,1.900548,0.745627,16.884336,19.375649,7.707373
state_transition,2006,2012,,,,,,,,,,,,12,Merida,415.0,0.824168,0.802155,0.961964,1.760745,0.679253,13.220792,15.431238,6.91924
state_transition,2006,2012,,,,,,,,,,,,13,Miranda,837.0,0.967387,0.94894,0.928948,-1.936863,0.935837,25.025396,24.031008,5.028056
state_transition,2006,2012,,,,,,,,,,,,14,Monagas,356.0,0.688117,0.665887,0.814304,1.69999,0.473506,11.981979,14.17923,7.798512
state_transition,2006,2012,,,,,,,,,,,,15,Nueva Esparta,162.0,0.855435,0.822463,0.847824,-1.439224,0.731769,11.956031,11.849657,4.886802
state_transition,2006,2012,,,,,,,,,,,,16,Portuguesa,533.0,0.873098,0.871794,1.125623,0.979103,0.762301,11.986849,15.453779,5.664061
state_transition,2006,2012,,,,,,,,,,,,17,Sucre,552.0,0.751668,0.734033,0.941506,2.481993,0.565005,11.128611,13.939196,7.593052
state_transition,2006,2012,,,,,,,,,,,,18,Tachira,534.0,0.796336,0.793352,0.854831,2.746935,0.634152,14.065235,15.098388,7.291171
state_transition,2006,2012,,,,,,,,,,,,19,Trujillo,491.0,0.850354,0.84001,1.028864,1.203856,0.723102,12.793869,15.47961,6.434194
state_transition,2006,2012,,,,,,,,,,,,20,Yaracuy,352.0,0.886159,0.863064,1.103011,0.002668,0.785278,12.684513,15.788537,5.894444
state_transition,2006,2012,,,,,,,,,,,,21,Zulia,975.0,0.810802,0.795791,0.916242,-0.976188,0.657401,13.467403,15.218746,6.966709
state_transition,2006,2012,,,,,,,,,,,,22,Amazonas,62.0,0.001931,0.212007,0.001708,-1.589679,4e-06,17.160748,15.177427,14.273073
state_transition,2006,2012,,,,,,,,,,,,23,Delta Amacuro,125.0,0.780764,0.77988,0.929117,2.119275,0.609592,13.34009,15.874843,7.906536
state_transition,2006,2012,,,,,,,,,,,,24,La Guaira,136.0,0.95836,0.950561,1.104611,-1.0705,0.918454,13.592503,15.666785,3.730438
state_transition,2012,2013,,,,,,,,,,,,01,Distrito Capital,899.0,0.995915,0.995713,0.971161,0.075891,0.991848,19.7199,19.229734,1.332842
state_transition,2012,2013,,,,,,,,,,,,02,Anzoategui,598.0,0.98571,0.984433,0.977358,0.331956,0.971625,15.860281,15.7259,2.025654
state_transition,2012,2013,,,,,,,,,,,,03,Apure,316.0,0.962641,0.958262,1.084054,0.398568,0.926678,12.708552,14.311416,3.016485
state_transition,2012,2013,,,,,,,,,,,,04,Aragua,623.0,0.991845,0.99174,0.993842,0.145857,0.983757,17.464736,17.4999,1.628842
state_transition,2012,2013,,,,,,,,,,,,05,Barinas,506.0,0.960667,0.960679,1.025675,1.500841,0.92288,15.640397,16.698782,3.687118
state_transition,2012,2013,,,,,,,,,,,,06,Bolivar,707.0,0.970597,0.974496,1.00936,0.060486,0.942059,17.775011,18.4849,3.100117
state_transition,2012,2013,,,,,,,,,,,,07,Carabobo,658.0,0.975359,0.99251,0.939367,0.29277,0.951325,19.304019,18.591674,1.779592
state_transition,2012,2013,,,,,,,,,,,,08,Cojedes,248.0,0.975589,0.967337,1.071852,0.516228,0.951774,13.263536,14.572269,2.616351
state_transition,2012,2013,,,,,,,,,,,,09,Falcon,691.0,0.972433,0.972526,1.01884,0.949449,0.945626,15.974029,16.736345,3.101331
state_transition,2012,2013,,,,,,,,,,,,10,Guarico,422.0,0.974395,0.972751,1.064221,0.178803,0.949445,12.995485,14.1935,2.473185
state_transition,2012,2013,,,,,,,,,,,,11,Lara,990.0,0.989768,0.990744,1.015689,0.295416,0.979641,19.654632,20.169374,2.252774
state_transition,2012,2013,,,,,,,,,,,,12,Merida,514.0,0.977988,0.975388,0.988448,0.633986,0.95646,16.095036,16.267179,2.62387
state_transition,2012,2013,,,,,,,,,,,,13,Miranda,1038.0,0.99621,0.994374,0.966826,-0.029213,0.992434,24.231532,23.516824,1.708624
state_transition,2012,2013,,,,,,,,,,,,14,Monagas,467.0,0.983691,0.979703,0.972665,0.482492,0.967648,14.176859,14.017955,1.936983
state_transition,2012,2013,,,,,,,,,,,,15,Nueva Esparta,230.0,0.984245,0.982894,0.928154,-0.061429,0.968738,14.13915,13.333375,1.935655
state_transition,2012,2013,,,,,,,,,,,,16,Portuguesa,620.0,0.956303,0.970963,1.032605,0.844454,0.914515,15.457472,16.690803,3.102523
state_transition,2012,2013,,,,,,,,,,,,17,Sucre,646.0,0.975698,0.975022,1.025895,0.47899,0.951986,14.050598,14.773472,2.331611
state_transition,2012,2013,,,,,,,,,,,,18,Tachira,677.0,0.971485,0.972272,0.938181,0.402598,0.943783,15.918526,15.372819,2.876394
state_transition,2012,2013,,,,,,,,,,,,19,Trujillo,633.0,0.980944,0.979149,1.038474,0.592896,0.962251,15.545245,16.456944,2.568262
state_transition,2012,2013,,,,,,,,,,,,20,Yaracuy,462.0,0.98279,0.984165,1.031842,0.337772,0.965876,16.455756,17.277076,2.151408
state_transition,2012,2013,,,,,,,,,,,,21,Zulia,1212.0,0.980768,0.981341,1.014336,0.534097,0.961907,16.46053,17.023908,2.442235
state_transition,2012,2013,,,,,,,,,,,,22,Amazonas,124.0,0.895158,0.884192,0.908195,1.964205,0.801308,16.125566,16.360425,4.811504
state_transition,2012,2013,,,,,,,,,,,,23,Delta Amacuro,177.0,0.930597,0.926533,1.107089,0.227778,0.86601,15.414353,18.337763,4.712955
state_transition,2012,2013,,,,,,,,,,,,24,La Guaira,198.0,0.990785,0.990715,1.021793,0.060503,0.981655,16.205045,16.712203,1.651947
state_transition,2013,2018,,,,,,,,,,,,01,Distrito Capital,859.0,0.807225,0.793141,0.32159,-1.718349,0.651613,18.672506,7.438932,12.167596
state_transition,2013,2018,,,,,,,,,,,,02,Anzoategui,594.0,0.678169,0.670698,0.46111,-1.659582,0.459913,15.722368,10.690161,9.642925
state_transition,2013,2018,,,,,,,,,,,,03,Apure,303.0,0.800975,0.785536,0.861788,-2.94798,0.641561,14.188043,15.265257,7.71596
state_transition,2013,2018,,,,,,,,,,,,04,Aragua,588.0,0.748383,0.745211,0.30894,-1.490475,0.560078,17.533289,7.237916,12.222355
state_transition,2013,2018,,,,,,,,,,,,05,Barinas,474.0,0.557257,0.562111,0.463324,-4.127767,0.310536,16.701259,13.886034,13.551189
state_transition,2013,2018,,,,,,,,,,,,06,Bolivar,681.0,0.610641,0.623184,0.415222,-1.162914,0.372882,18.42756,12.530342,12.300847
state_transition,2013,2018,,,,,,,,,,,,07,Carabobo,653.0,0.717086,0.691601,0.345378,-1.777707,0.514213,18.619274,8.967798,13.822533
state_transition,2013,2018,,,,,,,,,,,,08,Cojedes,239.0,0.770014,0.772038,0.581043,-2.203336,0.592922,14.501655,10.942766,8.473211
state_transition,2013,2018,,,,,,,,,,,,09,Falcon,673.0,0.604172,0.635921,0.536485,-1.870513,0.365023,16.706312,14.834657,11.835608
state_transition,2013,2018,,,,,,,,,,,,10,Guarico,412.0,0.665718,0.677488,0.427758,-1.149444,0.443181,14.003485,8.997951,9.14157
state_transition,2013,2018,,,,,,,,,,,,11,Lara,950.0,0.672395,0.69798,0.421532,-2.716157,0.452115,20.209321,12.669443,14.284868
state_transition,2013,2018,,,,,,,,,,,,12,Merida,511.0,0.159414,0.159502,0.137024,-1.777028,0.025413,16.245066,13.96339,16.9759
state_transition,2013,2018,,,,,,,,,,,,13,Miranda,1026.0,0.870391,0.837773,0.426664,-5.586227,0.757581,23.430122,11.485406,15.698051
state_transition,2013,2018,,,,,,,,,,,,14,Monagas,425.0,0.668922,0.680192,0.492817,-1.556373,0.447457,13.934597,10.266076,8.734113
state_transition,2013,2018,,,,,,,,,,,,15,Nueva Esparta,226.0,0.274625,0.209302,0.161895,-0.715318,0.075419,13.333923,7.860526,11.263616
state_transition,2013,2018,,,,,,,,,,,,16,Portuguesa,610.0,0.638114,0.671651,0.509935,-3.217768,0.40719,16.52522,13.205774,11.549106
state_transition,2013,2018,,,,,,,,,,,,17,Sucre,633.0,0.628478,0.641957,0.492948,-2.096179,0.394985,14.630354,11.475343,9.78896
state_transition,2013,2018,,,,,,,,,,,,18,Tachira,666.0,0.323562,0.369913,0.268142,-2.481475,0.104692,15.352885,12.723268,14.216623
state_transition,2013,2018,,,,,,,,,,,,19,Trujillo,630.0,0.503979,0.56713,0.469065,-2.267021,0.253995,16.416157,15.278908,13.326241
state_transition,2013,2018,,,,,,,,,,,,20,Yaracuy,456.0,0.807133,0.801375,0.641417,-2.469056,0.651463,17.234197,13.695778,8.862496
state_transition,2013,2018,,,,,,,,,,,,21,Zulia,1178.0,0.486845,0.482726,0.310537,-1.497997,0.237018,17.074152,10.890846,13.387145
state_transition,2013,2018,,,,,,,,,,,,22,Amazonas,119.0,0.648177,0.645304,0.649007,-0.572103,0.420134,15.853157,15.873453,9.741045
state_transition,2013,2018,,,,,,,,,,,,23,Delta Amacuro,156.0,0.833699,0.835931,0.848087,-0.098416,0.695055,18.32886,18.645173,7.407608
state_transition,2013,2018,,,,,,,,,,,,24,La Guaira,198.0,0.522407,0.597428,0.290519,-2.740806,0.272909,16.712203,9.293915,12.185478
state_transition,2018,2024,,,,,,,,,,,,01,Distrito Capital,517.0,0.873174,0.871105,1.0974,2.242126,0.762433,7.386058,9.282749,3.693526
state_transition,2018,2024,,,,,,,,,,,,02,Anzoategui,519.0,0.723753,0.69786,0.951753,2.998112,0.523818,10.37766,13.646878,7.204025
state_transition,2018,2024,,,,,,,,,,,,03,Apure,283.0,0.766743,0.787105,0.78057,2.622854,0.587895,14.278256,14.535738,7.588368
state_transition,2018,2024,,,,,,,,,,,,04,Aragua,550.0,0.798564,0.789278,1.240384,1.904652,0.637705,7.3067,11.349265,5.311108
state_transition,2018,2024,,,,,,,,,,,,05,Barinas,459.0,0.578803,0.573959,0.588199,3.381448,0.335013,12.90131,13.110741,9.135775
state_transition,2018,2024,,,,,,,,,,,,06,Bolivar,458.0,0.642917,0.6231,0.8414,4.187447,0.413342,10.179108,13.321636,7.929013
state_transition,2018,2024,,,,,,,,,,,,07,Carabobo,452.0,0.739972,0.695698,0.934665,2.892527,0.547559,8.414578,10.628525,6.196188
state_transition,2018,2024,,,,,,,,,,,,08,Cojedes,184.0,0.713039,0.707353,0.904927,1.663327,0.508424,10.93807,13.881656,7.042323
state_transition,2018,2024,,,,,,,,,,,,09,Falcon,592.0,0.706939,0.706928,0.712672,4.010089,0.499763,14.278842,14.394632,8.644899
state_transition,2018,2024,,,,,,,,,,,,10,Guarico,391.0,0.747118,0.769629,1.068957,2.44604,0.558186,9.267797,13.260123,6.911203
state_transition,2018,2024,,,,,,,,,,,,11,Lara,611.0,0.765378,0.763766,1.089321,5.864138,0.585804,12.581,17.905857,9.726502
state_transition,2018,2024,,,,,,,,,,,,12,Merida,466.0,0.195637,0.160955,0.153347,3.399996,0.038274,13.652873,10.701605,12.195886
state_transition,2018,2024,,,,,,,,,,,,13,Miranda,727.0,0.846033,0.861946,1.315878,7.880816,0.715773,12.084701,18.795935,9.566894
state_transition,2018,2024,,,,,,,,,,,,14,Monagas,376.0,0.674065,0.719169,0.863473,3.559369,0.454364,10.381324,13.298414,7.357649
state_transition,2018,2024,,,,,,,,,,,,15,Nueva Esparta,211.0,0.336038,0.270709,0.428221,0.30028,0.112922,7.339834,9.3533,7.661685
state_transition,2018,2024,,,,,,,,,,,,16,Portuguesa,550.0,0.688919,0.669005,0.833579,5.100634,0.474609,12.8796,15.584079,9.810392
state_transition,2018,2024,,,,,,,,,,,,17,Sucre,587.0,0.604004,0.599789,0.839325,4.890039,0.364821,11.168569,15.519861,10.409895
state_transition,2018,2024,,,,,,,,,,,,18,Tachira,608.0,0.447376,0.467761,0.298396,2.230722,0.200145,11.995741,8.001062,7.770147
state_transition,2018,2024,,,,,,,,,,,,19,Trujillo,560.0,0.678303,0.679082,0.688429,5.019612,0.460095,15.305025,15.53351,10.231008
state_transition,2018,2024,,,,,,,,,,,,20,Yaracuy,413.0,0.845777,0.839223,0.971089,2.675477,0.715338,12.961857,14.882313,6.294313
state_transition,2018,2024,,,,,,,,,,,,21,Zulia,943.0,0.539886,0.532444,0.679771,3.478371,0.291477,11.723273,14.760782,10.625742
state_transition,2018,2024,,,,,,,,,,,,22,Amazonas,61.0,0.634942,0.595082,0.804721,3.148083,0.403152,8.065984,10.222766,6.451106
state_transition,2018,2024,,,,,,,,,,,,23,Delta Amacuro,97.0,0.831504,0.827812,0.900297,3.223447,0.691398,17.043036,18.453069,8.360451
state_transition,2018,2024,,,,,,,,,,,,24,La Guaira,160.0,0.636335,0.646364,0.867652,2.757484,0.404923,8.378558,11.424281,6.392817
