transicion,metodo,tolerance_ladder,min_electores,cod_estado,estado,cuota,n_frame,n_con_historico_frame,n_con_outcome_frame,n_seleccionados,n_con_outcome,pct_cobertura_muestra,pct_cobertura_frame_outcome,pct_maduro_estado_hist,pct_maduro_muestra_hist,error_hist_pp,pct_maduro_muestra_hist_comparable,pct_maduro_estado_outcome,pct_maduro_muestra_outcome,error_outcome_pp,swing_estado,swing_muestra,swing_error_pp,electores_estado,similarity,n_difiere_otras_variantes,n_difiere_vs_winner_share,n_difiere_vs_top2_gap,n_difiere_vs_full_profile,distancia_media_sel,distancia_mediana_sel,distancia_max_sel,pasada_maxima,tolerancia_maxima,conteo_por_tolerancia,electores_medianos_sel,electores_minimos_sel
2013_2018,legacy_similarity,baseline,300,01,Distrito Capital,9,891,859,891,9,9,100.0,100.0,51.320369,52.063434,0.743066,52.063434,70.89212,68.675726,-2.216394,19.571752,16.612292,-2.959459,1697224.0,winner_share,5,0,5,0,1.02173,0.976451,1.916877,1,2,2:9,4739.0,3384.0
2013_2018,legacy_similarity,baseline,300,02,Anzoategui,6,650,594,650,6,6,100.0,100.0,47.323629,48.082609,0.75898,48.082609,60.720968,56.858049,-3.862919,13.397339,8.77544,-4.621899,1066195.0,winner_share,3,0,3,0,1.07028,1.007577,1.632947,1,2,2:6,4717.0,4293.0
2013_2018,legacy_similarity,baseline,300,03,Apure,3,349,311,341,3,3,100.0,97.707736,61.76014,61.629252,-0.130887,61.629252,69.231693,68.792867,-0.438826,7.471553,7.163614,-0.307939,334268.0,winner_share,1,0,1,0,0.964063,0.656192,1.701618,1,2,2:3,3540.0,3301.0
2013_2018,legacy_similarity,baseline,300,04,Aragua,7,630,603,609,7,7,100.0,96.666667,54.054519,53.861675,-0.192844,53.861675,71.252347,67.14025,-4.112097,17.197829,13.278576,-3.919253,1213087.0,winner_share,1,0,1,0,0.721393,0.801731,1.579024,1,2,2:7,4180.0,2834.0
2013_2018,legacy_similarity,baseline,300,05,Barinas,4,563,485,548,4,4,100.0,97.335702,52.188214,51.946917,-0.241297,51.946917,59.604485,56.169684,-3.434802,7.416271,4.222767,-3.193504,560790.0,winner_share,1,0,1,0,0.554429,0.473229,1.115979,1,2,2:4,3769.5,3571.0
2013_2018,legacy_similarity,baseline,300,06,Bolivar,6,720,691,708,6,6,100.0,98.333333,47.879948,47.644518,-0.23543,47.644518,59.815233,53.716301,-6.098932,11.935285,6.071784,-5.863501,973381.0,winner_share,1,0,1,0,0.737092,0.793369,1.287485,1,2,2:6,4068.0,3831.0
2013_2018,legacy_similarity,baseline,300,07,Carabobo,8,711,648,704,8,8,100.0,99.015471,50.513511,51.133104,0.619593,51.133104,65.555724,63.285723,-2.270002,15.042213,12.152619,-2.889595,1561777.0,winner_share,4,0,4,0,0.991434,1.015044,1.57729,1,2,2:8,4181.0,3509.0
2013_2018,legacy_similarity,baseline,300,08,Cojedes,2,262,248,253,2,2,100.0,96.564885,61.165345,62.017118,0.851772,62.017118,66.92687,67.887088,0.960217,5.761525,5.86997,0.108445,240646.0,winner_share,1,0,1,0,0.850451,0.850451,1.098806,1,2,2:2,2902.0,2894.0
2013_2018,legacy_similarity,baseline,300,09,Falcon,4,729,680,721,4,4,100.0,98.902606,53.03365,53.035278,0.001628,53.035278,59.221804,55.877577,-3.344227,6.188153,2.842298,-3.345855,668149.0,winner_share,4,0,4,1,1.57106,1.541204,1.827132,1,2,2:4,3689.5,3466.0
2013_2018,legacy_similarity,baseline,300,10,Guarico,4,463,412,463,4,4,100.0,100.0,59.289042,59.022634,-0.266407,59.022634,73.397625,67.046534,-6.351092,14.108584,8.023899,-6.084685,526963.0,winner_share,2,0,2,0,0.863414,1.021419,1.224525,1,2,2:4,4474.0,4005.0
2013_2018,legacy_similarity,baseline,300,11,Lara,7,1044,963,1027,7,7,100.0,98.371648,47.719486,47.259386,-0.4601,47.259386,66.720956,61.407647,-5.313309,19.001471,14.148261,-4.853209,1261626.0,winner_share,3,0,3,1,0.944524,0.856538,1.967708,1,2,2:7,5122.0,4064.0
2013_2018,legacy_similarity,baseline,300,12,Merida,4,526,511,526,4,4,100.0,100.0,42.885591,42.246029,-0.639562,42.246029,66.606371,67.941744,1.335373,23.72078,25.695715,1.974936,602637.0,winner_share,3,0,3,1,1.40772,1.534977,1.950133,1,2,2:4,3984.5,3574.0
2013_2018,legacy_similarity,baseline,300,13,Miranda,10,1118,1023,1110,10,10,100.0,99.284436,47.296963,47.94387,0.646907,47.94387,76.103796,72.891866,-3.21193,28.806834,24.947997,-3.858837,2075234.0,winner_share,5,0,5,1,1.030234,1.054617,1.963475,1,2,2:10,4708.5,3903.0
2013_2018,legacy_similarity,baseline,300,14,Monagas,4,536,430,518,4,4,100.0,96.641791,55.464436,55.298651,-0.165785,55.298651,64.569134,60.16198,-4.407154,9.104698,4.863329,-4.241369,625457.0,winner_share,0,0,0,0,0.515444,0.572205,0.742756,1,2,2:4,3057.5,2842.0
2013_2018,legacy_similarity,baseline,300,15,Nueva Esparta,3,245,226,245,3,3,100.0,100.0,46.909744,46.005155,-0.904589,46.005155,70.128847,71.860848,1.732001,23.219104,25.855693,2.63659,350093.0,winner_share,1,0,1,0,0.865602,0.918036,1.027275,1,2,2:3,3103.0,3090.0
2013_2018,legacy_similarity,baseline,300,16,Portuguesa,4,660,613,654,4,4,100.0,99.090909,65.453833,66.210919,0.757086,66.210919,65.943872,68.490591,2.546719,0.490039,2.279672,1.789633,605921.0,winner_share,1,0,1,0,0.798063,0.663502,1.679034,1,2,2:4,3203.0,2551.0
2013_2018,legacy_similarity,baseline,300,17,Sucre,4,683,643,671,4,4,100.0,98.243045,57.483592,57.570743,0.087151,57.570743,66.512811,66.287676,-0.225135,9.029219,8.716933,-0.312287,643440.0,winner_share,0,0,0,0,0.40709,0.473069,0.643137,1,2,2:4,3893.0,3268.0
2013_2018,legacy_similarity,baseline,300,18,Tachira,5,680,669,674,5,5,100.0,99.117647,36.97814,36.892286,-0.085854,36.892286,67.981093,57.515679,-10.465414,31.002952,20.623393,-10.379559,868879.0,winner_share,3,0,3,1,1.12847,1.453013,1.922479,1,2,2:5,4119.0,3981.0
2013_2018,legacy_similarity,baseline,300,19,Trujillo,4,638,630,638,4,4,100.0,100.0,59.789413,59.729784,-0.059629,59.729784,64.62467,68.480222,3.855552,4.835257,8.750438,3.915181,529867.0,winner_share,1,0,1,0,0.644846,0.682927,1.18425,1,2,2:4,3162.0,3060.0
2013_2018,legacy_similarity,baseline,300,20,Yaracuy,3,487,460,483,3,3,100.0,99.178645,56.530006,55.219261,-1.310745,55.219261,62.830806,51.408299,-11.422507,6.3008,-3.810961,-10.111761,430459.0,winner_share,2,0,2,0,1.248175,1.474683,1.729069,1,2,2:3,2217.0,1853.0
2013_2018,legacy_similarity,baseline,300,21,Zulia,12,1338,1185,1320,12,12,100.0,98.654709,47.688074,47.753244,0.06517,47.753244,72.015941,69.976072,-2.03987,24.327867,22.222827,-2.10504,2452432.0,winner_share,4,0,4,0,0.669471,0.436533,1.67681,1,2,2:12,5723.5,4647.0
2013_2018,legacy_similarity,baseline,300,22,Amazonas,2,145,123,138,2,2,100.0,95.172414,52.458365,53.126245,0.66788,53.126245,61.36296,56.111758,-5.251203,8.904596,2.985513,-5.919082,107896.0,winner_share,0,0,0,0,0.798783,0.798783,1.025628,1,2,2:2,2996.0,2552.0
2013_2018,legacy_similarity,baseline,300,23,Delta Amacuro,2,180,172,163,2,2,100.0,90.555556,61.63058,62.762111,1.131531,62.762111,65.90959,78.172999,12.263409,4.27901,15.410888,11.131877,120242.0,winner_share,1,0,1,1,1.064585,1.064585,1.98128,1,2,2:2,990.0,953.0
2013_2018,legacy_similarity,baseline,300,24,La Guaira,3,202,198,202,3,3,100.0,100.0,57.085172,56.413109,-0.672063,56.413109,74.429675,74.96144,0.531764,17.344503,18.54833,1.203827,279952.0,winner_share,1,0,1,0,0.842531,0.792805,1.417448,1,2,2:3,4291.0,3907.0
2013_2018,legacy_similarity,baseline,300,01,Distrito Capital,9,891,859,891,9,9,100.0,100.0,51.320369,51.390406,0.070038,51.390406,70.89212,68.44831,-2.44381,19.571752,17.057904,-2.513848,1697224.0,top2_gap,5,5,0,5,1.308977,1.420403,1.965076,1,2,2:9,3362.0,3121.0
2013_2018,legacy_similarity,baseline,300,02,Anzoategui,6,650,594,650,6,6,100.0,100.0,47.323629,47.600941,0.277312,47.600941,60.720968,57.101385,-3.619583,13.397339,9.500444,-3.896895,1066195.0,top2_gap,3,3,0,3,1.280819,1.309476,1.768346,1,2,2:6,4168.0,3567.0
2013_2018,legacy_similarity,baseline,300,03,Apure,3,349,311,341,3,3,100.0,97.707736,61.76014,62.182216,0.422076,62.182216,69.231693,74.145224,4.913531,7.471553,11.963008,4.491454,334268.0,top2_gap,1,1,0,1,0.777279,0.961244,1.271021,1,2,2:3,3540.0,3127.0
2013_2018,legacy_similarity,baseline,300,04,Aragua,7,630,603,609,7,7,100.0,96.666667,54.054519,53.707217,-0.347302,53.707217,71.252347,67.49512,-3.757227,17.197829,13.787903,-3.409925,1213087.0,top2_gap,1,1,0,1,1.024421,1.296596,1.749469,1,2,2:7,4180.0,2820.0
2013_2018,legacy_similarity,baseline,300,05,Barinas,4,563,485,548,4,4,100.0,97.335702,52.188214,52.344285,0.156071,52.344285,59.604485,57.236159,-2.368327,7.416271,4.891874,-2.524397,560790.0,top2_gap,1,1,0,1,0.74906,0.693527,1.198284,1,2,2:4,3647.0,3136.0
2013_2018,legacy_similarity,baseline,300,06,Bolivar,6,720,691,708,6,6,100.0,98.333333,47.879948,47.891355,0.011407,47.891355,59.815233,55.673566,-4.141667,11.935285,7.782211,-4.153074,973381.0,top2_gap,1,1,0,1,1.043175,0.970062,1.824962,1,2,2:6,3890.0,3593.0
2013_2018,legacy_similarity,baseline,300,07,Carabobo,8,711,648,704,8,8,100.0,99.015471,50.513511,50.571465,0.057954,50.571465,65.555724,63.07122,-2.484504,15.042213,12.499755,-2.542459,1561777.0,top2_gap,4,4,0,4,0.813329,0.675342,1.534715,1,2,2:8,3580.5,1540.0
2013_2018,legacy_similarity,baseline,300,08,Cojedes,2,262,248,253,2,2,100.0,96.564885,61.165345,61.304757,0.139412,61.304757,66.92687,67.503975,0.577104,5.761525,6.199217,0.437692,240646.0,top2_gap,1,1,0,1,0.792961,0.792961,1.117148,1,2,2:2,2638.5,2383.0
2013_2018,legacy_similarity,baseline,300,09,Falcon,4,729,680,721,4,4,100.0,98.902606,53.03365,52.745725,-0.287925,52.745725,59.221804,56.079191,-3.142613,6.188153,3.333466,-2.854688,668149.0,top2_gap,4,4,0,4,1.247103,1.451916,1.852148,1,2,2:4,2223.0,1714.0
2013_2018,legacy_similarity,baseline,300,10,Guarico,4,463,412,463,4,4,100.0,100.0,59.289042,59.042106,-0.246935,59.042106,73.397625,68.162712,-5.234914,14.108584,9.120606,-4.987978,526963.0,top2_gap,2,2,0,2,0.784273,0.604766,1.734908,1,2,2:4,3714.5,2055.0
2013_2018,legacy_similarity,baseline,300,11,Lara,7,1044,963,1027,7,7,100.0,98.371648,47.719486,47.921068,0.201582,47.921068,66.720956,61.336426,-5.384531,19.001471,13.415357,-5.586113,1261626.0,top2_gap,3,3,0,3,0.859777,0.842047,1.714981,1,2,2:7,4064.0,2935.0
2013_2018,legacy_similarity,baseline,300,12,Merida,4,526,511,526,4,4,100.0,100.0,42.885591,42.901403,0.015812,42.901403,66.606371,69.011522,2.405151,23.72078,26.110119,2.389339,602637.0,top2_gap,3,3,0,3,1.27776,1.400433,1.713503,1,2,2:4,3111.0,2838.0
2013_2018,legacy_similarity,baseline,300,13,Miranda,10,1118,1023,1110,10,10,100.0,99.284436,47.296963,47.345187,0.048225,47.345187,76.103796,72.010763,-4.093034,28.806834,24.665575,-4.141259,2075234.0,top2_gap,5,5,0,4,0.871308,0.854857,1.634135,1,2,2:10,3768.5,2780.0
2013_2018,legacy_similarity,baseline,300,14,Monagas,4,536,430,518,4,4,100.0,96.641791,55.464436,55.298651,-0.165785,55.298651,64.569134,60.16198,-4.407154,9.104698,4.863329,-4.241369,625457.0,top2_gap,0,0,0,0,0.967723,1.048801,1.467068,1,2,2:4,3057.5,2842.0
2013_2018,legacy_similarity,baseline,300,15,Nueva Esparta,3,245,226,245,3,3,100.0,100.0,46.909744,46.30126,-0.608484,46.30126,70.128847,67.703243,-2.425604,23.219104,21.401983,-1.81712,350093.0,top2_gap,1,1,0,1,1.14313,1.27956,1.980725,1,2,2:3,3090.0,2713.0
2013_2018,legacy_similarity,baseline,300,16,Portuguesa,4,660,613,654,4,4,100.0,99.090909,65.453833,65.979158,0.525325,65.979158,65.943872,67.902161,1.958289,0.490039,1.923003,1.432964,605921.0,top2_gap,1,1,0,1,1.159107,1.164519,1.912738,1,2,2:4,2768.5,2254.0
2013_2018,legacy_similarity,baseline,300,17,Sucre,4,683,643,671,4,4,100.0,98.243045,57.483592,57.570743,0.087151,57.570743,66.512811,66.287676,-0.225135,9.029219,8.716933,-0.312287,643440.0,top2_gap,0,0,0,0,0.803267,0.903288,1.304568,1,2,2:4,3893.0,3268.0
2013_2018,legacy_similarity,baseline,300,18,Tachira,5,680,669,674,5,5,100.0,99.117647,36.97814,37.039147,0.061007,37.039147,67.981093,63.895165,-4.085928,31.002952,26.856018,-4.146934,868879.0,top2_gap,3,3,0,3,0.96905,0.921551,1.459129,1,2,2:5,3298.0,2996.0
2013_2018,legacy_similarity,baseline,300,19,Trujillo,4,638,630,638,4,4,100.0,100.0,59.789413,59.435006,-0.354408,59.435006,64.62467,65.827852,1.203182,4.835257,6.392847,1.55759,529867.0,top2_gap,1,1,0,1,0.633474,0.516453,1.46768,1,2,2:4,3077.0,3044.0
2013_2018,legacy_similarity,baseline,300,20,Yaracuy,3,487,460,483,3,3,100.0,99.178645,56.530006,56.06488,-0.465126,56.06488,62.830806,58.798405,-4.0324,6.3008,2.733525,-3.567275,430459.0,top2_gap,2,2,0,2,0.958679,0.908697,1.836258,1,2,2:3,1830.0,1569.0
2013_2018,legacy_similarity,baseline,300,21,Zulia,12,1338,1185,1320,12,12,100.0,98.654709,47.688074,47.80954,0.121466,47.80954,72.015941,72.1303,0.114358,24.327867,24.32076,-0.007107,2452432.0,top2_gap,4,4,0,4,0.66022,0.718376,1.34417,1,2,2:12,4742.0,3705.0
2013_2018,legacy_similarity,baseline,300,22,Amazonas,2,145,123,138,2,2,100.0,95.172414,52.458365,53.126245,0.66788,53.126245,61.36296,56.111758,-5.251203,8.904596,2.985513,-5.919082,107896.0,top2_gap,0,0,0,0,1.5711,1.5711,1.92378,1,2,2:2,2996.0,2552.0
2013_2018,legacy_similarity,baseline,300,23,Delta Amacuro,2,180,172,163,2,2,100.0,90.555556,61.63058,61.398176,-0.232404,61.398176,65.90959,90.276243,24.366653,4.27901,28.878067,24.599056,120242.0,top2_gap,1,1,0,1,0.940321,0.940321,1.8015,1,2,2:2,813.0,599.0
2013_2018,legacy_similarity,baseline,300,24,La Guaira,3,202,198,202,3,3,100.0,100.0,57.085172,56.925092,-0.16008,56.925092,74.429675,75.50652,1.076844,17.344503,18.581427,1.236924,279952.0,top2_gap,1,1,0,1,0.69639,0.442022,1.479092,1,2,2:3,3907.0,2536.0
2013_2018,legacy_similarity,baseline,300,01,Distrito Capital,9,891,859,891,9,9,100.0,100.0,51.320369,52.063434,0.743066,52.063434,70.89212,68.675726,-2.216394,19.571752,16.612292,-2.959459,1697224.0,full_profile,5,0,5,0,1.123583,1.143323,1.982642,1,2,2:9,4739.0,3384.0
2013_2018,legacy_similarity,baseline,300,02,Anzoategui,6,650,594,650,6,6,100.0,100.0,47.323629,48.082609,0.75898,48.082609,60.720968,56.858049,-3.862919,13.397339,8.77544,-4.621899,1066195.0,full_profile,3,0,3,0,1.133797,1.113745,1.677909,1,2,2:6,4717.0,4293.0
2013_2018,legacy_similarity,baseline,300,03,Apure,3,349,311,341,3,3,100.0,97.707736,61.76014,61.629252,-0.130887,61.629252,69.231693,68.792867,-0.438826,7.471553,7.163614,-0.307939,334268.0,full_profile,1,0,1,0,0.988555,0.677048,1.754236,1,2,2:3,3540.0,3301.0
2013_2018,legacy_similarity,baseline,300,04,Aragua,7,630,603,609,7,7,100.0,96.666667,54.054519,53.861675,-0.192844,53.861675,71.252347,67.14025,-4.112097,17.197829,13.278576,-3.919253,1213087.0,full_profile,1,0,1,0,0.855569,0.814812,1.856019,1,2,2:7,4180.0,2834.0
2013_2018,legacy_similarity,baseline,300,05,Barinas,4,563,485,548,4,4,100.0,97.335702,52.188214,51.946917,-0.241297,51.946917,59.604485,56.169684,-3.434802,7.416271,4.222767,-3.193504,560790.0,full_profile,1,0,1,0,0.636749,0.567518,1.126433,1,2,2:4,3769.5,3571.0
2013_2018,legacy_similarity,baseline,300,06,Bolivar,6,720,691,708,6,6,100.0,98.333333,47.879948,47.644518,-0.23543,47.644518,59.815233,53.716301,-6.098932,11.935285,6.071784,-5.863501,973381.0,full_profile,1,0,1,0,0.780533,0.829908,1.352639,1,2,2:6,4068.0,3831.0
2013_2018,legacy_similarity,baseline,300,07,Carabobo,8,711,648,704,8,8,100.0,99.015471,50.513511,51.133104,0.619593,51.133104,65.555724,63.285723,-2.270002,15.042213,12.152619,-2.889595,1561777.0,full_profile,4,0,4,0,1.049962,1.047429,1.719461,1,2,2:8,4181.0,3509.0
2013_2018,legacy_similarity,baseline,300,08,Cojedes,2,262,248,253,2,2,100.0,96.564885,61.165345,62.017118,0.851772,62.017118,66.92687,67.887088,0.960217,5.761525,5.86997,0.108445,240646.0,full_profile,1,0,1,0,0.915386,0.915386,1.228676,1,2,2:2,2902.0,2894.0
2013_2018,legacy_similarity,baseline,300,09,Falcon,4,729,680,721,4,4,100.0,98.902606,53.03365,53.216427,0.182776,53.216427,59.221804,55.519732,-3.702072,6.188153,2.303305,-3.884848,668149.0,full_profile,4,1,4,0,1.561518,1.586171,1.69903,1,2,2:4,3574.5,3202.0
2013_2018,legacy_similarity,baseline,300,10,Guarico,4,463,412,463,4,4,100.0,100.0,59.289042,59.022634,-0.266407,59.022634,73.397625,67.046534,-6.351092,14.108584,8.023899,-6.084685,526963.0,full_profile,2,0,2,0,0.921331,1.093696,1.268347,1,2,2:4,4474.0,4005.0
2013_2018,legacy_similarity,baseline,300,11,Lara,7,1044,963,1027,7,7,100.0,98.371648,47.719486,47.38256,-0.336926,47.38256,66.720956,61.742671,-4.978285,19.001471,14.360111,-4.641359,1261626.0,full_profile,3,1,3,0,0.946032,0.923875,1.581674,1,2,2:7,4398.0,3881.0
2013_2018,legacy_similarity,baseline,300,12,Merida,4,526,511,526,4,4,100.0,100.0,42.885591,42.964128,0.078537,42.964128,66.606371,68.624473,2.018102,23.72078,25.660345,1.939565,602637.0,full_profile,3,1,3,0,1.290562,1.3904,1.650162,1,2,2:4,3974.5,3431.0
2013_2018,legacy_similarity,baseline,300,13,Miranda,10,1118,1023,1110,10,10,100.0,99.284436,47.296963,47.74666,0.449698,47.74666,76.103796,73.371456,-2.732341,28.806834,25.624795,-3.182039,2075234.0,full_profile,5,1,4,0,0.963444,0.96663,1.940399,1,2,2:10,4708.5,3634.0
2013_2018,legacy_similarity,baseline,300,14,Monagas,4,536,430,518,4,4,100.0,96.641791,55.464436,55.298651,-0.165785,55.298651,64.569134,60.16198,-4.407154,9.104698,4.863329,-4.241369,625457.0,full_profile,0,0,0,0,0.560815,0.615802,0.787786,1,2,2:4,3057.5,2842.0
2013_2018,legacy_similarity,baseline,300,15,Nueva Esparta,3,245,226,245,3,3,100.0,100.0,46.909744,46.005155,-0.904589,46.005155,70.128847,71.860848,1.732001,23.219104,25.855693,2.63659,350093.0,full_profile,1,0,1,0,0.959568,1.075805,1.128663,1,2,2:3,3103.0,3090.0
2013_2018,legacy_similarity,baseline,300,16,Portuguesa,4,660,613,654,4,4,100.0,99.090909,65.453833,66.210919,0.757086,66.210919,65.943872,68.490591,2.546719,0.490039,2.279672,1.789633,605921.0,full_profile,1,0,1,0,0.89351,0.717884,1.804694,1,2,2:4,3203.0,2551.0
2013_2018,legacy_similarity,baseline,300,17,Sucre,4,683,643,671,4,4,100.0,98.243045,57.483592,57.570743,0.087151,57.570743,66.512811,66.287676,-0.225135,9.029219,8.716933,-0.312287,643440.0,full_profile,0,0,0,0,0.477707,0.517977,0.739372,1,2,2:4,3893.0,3268.0
2013_2018,legacy_similarity,baseline,300,18,Tachira,5,680,669,674,5,5,100.0,99.117647,36.97814,36.93454,-0.043601,36.93454,67.981093,60.460044,-7.521049,31.002952,23.525504,-7.477448,868879.0,full_profile,3,1,3,0,1.155559,1.485725,1.749212,1,2,2:5,4049.0,3773.0
2013_2018,legacy_similarity,baseline,300,19,Trujillo,4,638,630,638,4,4,100.0,100.0,59.789413,59.729784,-0.059629,59.729784,64.62467,68.480222,3.855552,4.835257,8.750438,3.915181,529867.0,full_profile,1,0,1,0,0.708823,0.712039,1.205493,1,2,2:4,3162.0,3060.0
2013_2018,legacy_similarity,baseline,300,20,Yaracuy,3,487,460,483,3,3,100.0,99.178645,56.530006,55.219261,-1.310745,55.219261,62.830806,51.408299,-11.422507,6.3008,-3.810961,-10.111761,430459.0,full_profile,2,0,2,0,1.314907,1.478417,1.791654,1,2,2:3,2217.0,1853.0
2013_2018,legacy_similarity,baseline,300,21,Zulia,12,1338,1185,1320,12,12,100.0,98.654709,47.688074,47.753244,0.06517,47.753244,72.015941,69.976072,-2.03987,24.327867,22.222827,-2.10504,2452432.0,full_profile,4,0,4,0,0.726947,0.494428,1.695349,1,2,2:12,5723.5,4647.0
2013_2018,legacy_similarity,baseline,300,22,Amazonas,2,145,123,138,2,2,100.0,95.172414,52.458365,53.126245,0.66788,53.126245,61.36296,56.111758,-5.251203,8.904596,2.985513,-5.919082,107896.0,full_profile,0,0,0,0,0.848392,0.848392,1.025628,1,2,2:2,2996.0,2552.0
2013_2018,legacy_similarity,baseline,300,23,Delta Amacuro,2,180,172,163,2,1,50.0,90.555556,61.63058,61.189802,-0.440778,61.778471,65.90959,94.501718,28.592128,4.27901,32.723247,28.444237,120242.0,full_profile,1,1,1,0,0.82761,0.82761,1.43858,1,2,2:2,851.5,676.0
2013_2018,legacy_similarity,baseline,300,24,La Guaira,3,202,198,202,3,3,100.0,100.0,57.085172,56.413109,-0.672063,56.413109,74.429675,74.96144,0.531764,17.344503,18.54833,1.203827,279952.0,full_profile,1,0,1,0,0.868766,0.812034,1.462151,1,2,2:3,4291.0,3907.0
2018_2024,legacy_similarity,baseline,300,01,Distrito Capital,7,602,517,602,7,7,100.0,100.0,70.89212,69.93014,-0.96198,69.93014,32.049031,34.286374,2.237343,-38.843089,-35.643766,3.199323,1235729.0,winner_share,6,0,4,3,1.197529,1.053105,1.955442,1,2,2:7,6405.0,5655.0
2018_2024,legacy_similarity,baseline,300,02,Anzoategui,7,573,519,573,7,7,100.0,100.0,60.720968,60.34384,-0.377128,60.34384,30.74201,28.973298,-1.768712,-29.978958,-31.370542,-1.391583,1062364.0,winner_share,6,0,5,5,1.055602,1.252994,1.74565,1,2,2:7,4750.0,4385.0
2018_2024,legacy_similarity,baseline,300,03,Apure,3,312,283,312,3,3,100.0,100.0,69.231693,69.314165,0.082471,69.314165,35.300266,35.435909,0.135643,-33.931427,-33.878256,0.053172,356082.0,winner_share,2,0,2,2,0.777363,0.605739,1.163857,1,2,2:3,3015.0,2772.0
2018_2024,legacy_similarity,baseline,300,04,Aragua,7,599,550,599,7,7,100.0,100.0,71.252347,71.732005,0.479657,71.732005,29.305764,25.025536,-4.280227,-41.946584,-46.706468,-4.759885,1228535.0,winner_share,6,0,4,5,1.062886,0.935475,1.734663,1,2,2:7,4980.0,4472.0
2018_2024,legacy_similarity,baseline,300,05,Barinas,4,582,459,582,4,4,100.0,100.0,59.604485,59.561356,-0.043129,59.561356,23.709258,13.802272,-9.906986,-35.895227,-45.759084,-9.863857,592896.0,winner_share,2,0,2,2,0.273587,0.285877,0.47686,1,2,2:4,3882.0,3624.0
2018_2024,legacy_similarity,baseline,300,06,Bolivar,5,514,458,514,5,5,100.0,100.0,59.815233,58.460732,-1.354501,58.460732,25.36604,23.15298,-2.213061,-34.449192,-35.307752,-0.85856,810307.0,winner_share,4,0,2,4,1.310369,1.494282,1.551261,1,2,2:5,5082.0,4552.0
2018_2024,legacy_similarity,baseline,300,07,Carabobo,7,475,452,475,7,7,100.0,100.0,65.555724,65.338761,-0.216963,65.338761,26.589778,25.794994,-0.794784,-38.965946,-39.543767,-0.577821,1191798.0,winner_share,7,0,6,6,0.990878,1.031006,1.928147,1,2,2:7,5934.0,5256.0
2018_2024,legacy_similarity,baseline,300,08,Cojedes,3,222,184,222,3,3,100.0,100.0,66.92687,66.695577,-0.231294,66.695577,35.776108,28.911632,-6.864477,-31.150762,-37.783945,-6.633183,219710.0,winner_share,1,0,1,0,0.609602,0.4738,1.161105,1,2,2:3,3237.0,2574.0
2018_2024,legacy_similarity,baseline,300,09,Falcon,5,615,592,615,5,5,100.0,100.0,59.221804,58.342566,-0.879238,58.342566,26.981505,23.368135,-3.613369,-32.240299,-34.974431,-2.734132,650057.0,winner_share,5,0,3,5,0.893963,1.155442,1.677185,1,2,2:5,4070.0,3928.0
2018_2024,legacy_similarity,baseline,300,10,Guarico,4,445,391,445,4,4,100.0,100.0,73.397625,73.450549,0.052924,73.450549,33.620677,32.368257,-1.25242,-39.776949,-41.082293,-1.305344,527291.0,winner_share,4,0,4,3,1.696383,1.71818,1.765501,1,2,2:4,3726.0,3471.0
2018_2024,legacy_similarity,baseline,300,11,Lara,6,681,611,681,6,6,100.0,100.0,66.720956,66.769772,0.048815,66.769772,29.544448,24.501507,-5.04294,-37.176509,-42.268264,-5.091756,845082.0,winner_share,5,0,5,3,0.775545,0.653046,1.740114,1,2,2:6,4652.0,3640.0
2018_2024,legacy_similarity,baseline,300,12,Merida,4,505,466,505,4,4,100.0,100.0,66.606371,66.063523,-0.542848,66.063523,21.357592,19.82513,-1.532462,-45.248779,-46.238392,-0.989614,622546.0,winner_share,2,0,1,1,0.646316,0.315835,1.780789,1,2,2:4,4482.5,3820.0
2018_2024,legacy_similarity,baseline,300,13,Miranda,9,842,727,842,9,9,100.0,100.0,76.103796,75.63314,-0.470656,75.63314,31.775912,34.90939,3.133478,-44.327884,-40.72375,3.604134,1663256.0,winner_share,5,0,2,5,0.817479,0.796886,1.403802,1,2,2:9,5852.0,5328.0
2018_2024,legacy_similarity,baseline,300,14,Monagas,4,414,376,414,4,4,100.0,100.0,64.569134,64.746399,0.177265,64.746399,37.5742,37.816341,0.242141,-26.994934,-26.930058,0.064875,559572.0,winner_share,4,0,3,3,0.971745,1.093847,1.594107,1,2,2:4,4253.5,4080.0
2018_2024,legacy_similarity,baseline,300,15,Nueva Esparta,3,262,211,262,3,3,100.0,100.0,70.128847,70.846527,0.71768,70.846527,30.919589,30.997067,0.077478,-39.209258,-39.84946,-0.640202,373158.0,winner_share,3,0,3,2,1.199679,1.172326,1.695109,1,2,2:3,4255.0,3356.0
2018_2024,legacy_similarity,baseline,300,16,Portuguesa,5,587,550,587,5,5,100.0,100.0,65.943872,66.487044,0.543172,66.487044,33.540814,27.926509,-5.614305,-32.403058,-38.560535,-6.157477,640090.0,winner_share,5,0,4,4,1.234598,1.437545,1.974405,1,2,2:5,3474.0,3264.0
2018_2024,legacy_similarity,baseline,300,17,Sucre,5,618,587,618,5,5,100.0,100.0,66.512811,66.444043,-0.068768,66.444043,47.40136,40.607507,-6.793853,-19.111451,-25.836537,-6.725085,676738.0,winner_share,4,0,4,4,0.741748,0.813477,1.24798,1,2,2:5,3717.0,3648.0
2018_2024,legacy_similarity,baseline,300,18,Tachira,6,667,608,667,6,6,100.0,100.0,67.981093,68.236694,0.255602,68.236694,16.238649,12.320192,-3.918457,-51.742444,-55.916503,-4.174059,843625.0,winner_share,5,0,4,3,0.840755,0.678043,1.670649,1,2,2:6,4618.0,4152.0
2018_2024,legacy_similarity,baseline,300,19,Trujillo,4,591,560,591,4,4,100.0,100.0,64.62467,65.237186,0.612516,65.237186,34.516683,29.441835,-5.074848,-30.107987,-35.795351,-5.687364,541049.0,winner_share,1,0,0,1,0.635772,0.564013,1.099711,1,2,2:4,3295.0,3156.0
2018_2024,legacy_similarity,baseline,300,20,Yaracuy,4,443,413,443,4,4,100.0,100.0,62.830806,63.113704,0.282898,63.113704,36.444411,34.223619,-2.220792,-26.386395,-28.890086,-2.50369,442431.0,winner_share,4,0,4,4,0.757962,0.519708,1.964861,1,2,2:4,3122.0,2996.0
2018_2024,legacy_similarity,baseline,300,21,Zulia,11,1025,944,1024,11,11,100.0,99.902439,72.015941,71.991861,-0.02408,71.991861,28.701011,21.882973,-6.818038,-43.314931,-50.108888,-6.793957,1990029.0,winner_share,10,0,8,9,1.071901,1.062864,1.630815,1,2,2:11,4710.0,4205.0
2018_2024,legacy_similarity,baseline,300,22,Amazonas,2,64,61,64,2,2,100.0,100.0,61.36296,60.614793,-0.748167,60.614793,38.284492,42.439573,4.155081,-23.078469,-18.175221,4.903248,69946.0,winner_share,1,0,0,1,0.697075,0.697075,0.947956,1,2,2:2,1898.0,1356.0
2018_2024,legacy_similarity,baseline,300,23,Delta Amacuro,2,124,98,123,2,2,100.0,99.193548,65.90959,65.859198,-0.050393,65.859198,44.195574,41.468065,-2.72751,-21.714016,-24.391133,-2.677117,99383.0,winner_share,1,0,1,0,0.375605,0.375605,0.387612,1,2,2:2,975.0,828.0
2018_2024,legacy_similarity,baseline,300,24,La Guaira,3,165,160,165,3,3,100.0,100.0,74.429675,73.99376,-0.435915,73.99376,35.767666,34.908066,-0.8596,-38.662009,-39.085694,-0.423685,260842.0,winner_share,2,0,2,0,0.761882,0.542329,1.668481,1,2,2:3,4525.0,4292.0
2018_2024,legacy_similarity,baseline,300,01,Distrito Capital,7,602,517,602,7,7,100.0,100.0,70.89212,70.506201,-0.385919,70.506201,32.049031,33.9788,1.929769,-38.843089,-36.527401,2.315688,1235729.0,top2_gap,6,4,0,3,1.186001,1.137225,1.93533,1,2,2:7,5620.0,3868.0
2018_2024,legacy_similarity,baseline,300,02,Anzoategui,7,573,519,573,7,7,100.0,100.0,60.720968,60.287306,-0.433662,60.287306,30.74201,31.390007,0.647998,-29.978958,-28.897298,1.08166,1062364.0,top2_gap,6,5,0,6,1.039273,0.99703,1.824356,1,2,2:7,4750.0,4272.0
2018_2024,legacy_similarity,baseline,300,03,Apure,3,312,283,312,3,3,100.0,100.0,69.231693,71.670981,2.439287,71.670981,35.300266,36.997948,1.697682,-33.931427,-34.673033,-0.741605,356082.0,top2_gap,2,2,0,2,0.761883,0.898375,1.283959,1,2,2:3,2460.0,2282.0
2018_2024,legacy_similarity,baseline,300,04,Aragua,7,599,550,599,7,7,100.0,100.0,71.252347,71.340949,0.088602,71.340949,29.305764,26.891472,-2.414292,-41.946584,-44.449477,-2.502893,1228535.0,top2_gap,6,4,0,4,1.124389,1.100846,1.983548,1,2,2:7,4495.0,3954.0
2018_2024,legacy_similarity,baseline,300,05,Barinas,4,582,459,582,4,4,100.0,100.0,59.604485,59.058342,-0.546143,59.058342,23.709258,13.867567,-9.841691,-35.895227,-45.190775,-9.295548,592896.0,top2_gap,2,2,0,2,1.105154,1.230586,1.543018,1,2,2:4,3864.0,3624.0
2018_2024,legacy_similarity,baseline,300,06,Bolivar,5,514,458,514,5,5,100.0,100.0,59.815233,57.684006,-2.131227,57.684006,25.36604,19.766074,-5.599967,-34.449192,-37.917932,-3.46874,810307.0,top2_gap,4,2,0,4,1.0171,0.816935,1.701095,1,2,2:5,5070.0,4680.0
2018_2024,legacy_similarity,baseline,300,07,Carabobo,7,475,452,475,7,7,100.0,100.0,65.555724,64.763918,-0.791806,64.763918,26.589778,21.950592,-4.639186,-38.965946,-42.813326,-3.84738,1191798.0,top2_gap,7,6,0,5,1.369669,1.59413,1.994142,1,2,2:7,5550.0,4970.0
2018_2024,legacy_similarity,baseline,300,08,Cojedes,3,222,184,222,3,3,100.0,100.0,66.92687,66.711773,-0.215098,66.711773,35.776108,32.220708,-3.5554,-31.150762,-34.491064,-3.340302,219710.0,top2_gap,1,1,0,1,1.090887,1.369,1.543732,1,2,2:3,2574.0,2271.0
2018_2024,legacy_similarity,baseline,300,09,Falcon,5,615,592,615,5,5,100.0,100.0,59.221804,57.945307,-1.276497,57.945307,26.981505,21.705281,-5.276224,-32.240299,-36.240026,-3.999727,650057.0,top2_gap,5,3,0,5,0.91921,1.175924,1.306891,1,2,2:5,3840.0,2952.0
2018_2024,legacy_similarity,baseline,300,10,Guarico,4,445,391,445,4,4,100.0,100.0,73.397625,69.379277,-4.018349,69.379277,33.620677,29.225575,-4.395102,-39.776949,-40.153702,-0.376753,527291.0,top2_gap,4,4,0,4,1.016569,1.067532,1.874066,1,2,2:4,3889.0,3333.0
2018_2024,legacy_similarity,baseline,300,11,Lara,6,681,611,681,6,6,100.0,100.0,66.720956,66.771705,0.050748,66.771705,29.544448,22.345272,-7.199176,-37.176509,-44.426433,-7.249924,845082.0,top2_gap,5,5,0,4,0.701652,0.795634,1.019564,1,2,2:6,3006.0,2643.0
2018_2024,legacy_similarity,baseline,300,12,Merida,4,505,466,505,4,4,100.0,100.0,66.606371,66.544672,-0.061699,66.544672,21.357592,19.247194,-2.110398,-45.248779,-47.297477,-2.048699,622546.0,top2_gap,2,1,0,1,1.12459,1.141337,1.208213,1,2,2:4,4157.5,3604.0
2018_2024,legacy_similarity,baseline,300,13,Miranda,9,842,727,842,9,9,100.0,100.0,76.103796,75.376336,-0.72746,75.376336,31.775912,35.87062,4.094708,-44.327884,-39.505716,4.822168,1663256.0,top2_gap,5,2,0,4,0.698328,0.781091,1.781761,1,2,2:9,5852.0,4985.0
2018_2024,legacy_similarity,baseline,300,14,Monagas,4,414,376,414,4,4,100.0,100.0,64.569134,64.415541,-0.153593,64.415541,37.5742,36.956522,-0.617679,-26.994934,-27.459019,-0.464086,559572.0,top2_gap,4,3,0,3,1.122034,1.252016,1.772271,1,2,2:4,2925.0,2553.0
2018_2024,legacy_similarity,baseline,300,15,Nueva Esparta,3,262,211,262,3,3,100.0,100.0,70.128847,71.3074,1.178552,71.3074,30.919589,28.047591,-2.871998,-39.209258,-43.259809,-4.050551,373158.0,top2_gap,3,3,0,1,1.019191,0.90104,1.956137,1,2,2:3,2964.0,2868.0
2018_2024,legacy_similarity,baseline,300,16,Portuguesa,5,587,550,587,5,5,100.0,100.0,65.943872,67.187128,1.243256,67.187128,33.540814,29.894501,-3.646313,-32.403058,-37.292627,-4.889569,640090.0,top2_gap,5,4,0,5,1.289334,1.183117,1.93261,1,2,2:5,3474.0,2703.0
2018_2024,legacy_similarity,baseline,300,17,Sucre,5,618,587,618,5,5,100.0,100.0,66.512811,66.055866,-0.456945,66.055866,47.40136,39.584313,-7.817047,-19.111451,-26.471553,-7.360101,676738.0,top2_gap,4,4,0,2,0.752044,0.769814,1.685724,1,2,2:5,3368.0,2907.0
2018_2024,legacy_similarity,baseline,300,18,Tachira,6,667,608,667,6,6,100.0,100.0,67.981093,66.905084,-1.076008,66.905084,16.238649,11.361402,-4.877247,-51.742444,-55.543682,-3.801238,843625.0,top2_gap,5,4,0,4,0.994848,0.92131,1.872399,1,2,2:6,3936.0,3424.0
2018_2024,legacy_similarity,baseline,300,19,Trujillo,4,591,560,591,4,4,100.0,100.0,64.62467,65.237186,0.612516,65.237186,34.516683,29.441835,-5.074848,-30.107987,-35.795351,-5.687364,541049.0,top2_gap,1,0,0,1,0.627761,0.436231,1.398941,1,2,2:4,3295.0,3156.0
2018_2024,legacy_similarity,baseline,300,20,Yaracuy,4,443,413,443,4,4,100.0,100.0,62.830806,61.898074,-0.932732,61.898074,36.444411,30.737536,-5.706875,-26.386395,-31.160538,-4.774143,442431.0,top2_gap,4,4,0,3,1.024196,1.024157,1.966501,1,2,2:4,1939.0,1736.0
2018_2024,legacy_similarity,baseline,300,21,Zulia,11,1025,944,1024,11,11,100.0,99.902439,72.015941,72.770438,0.754496,72.770438,28.701011,21.749787,-6.951223,-43.314931,-51.02065,-7.705719,1990029.0,top2_gap,10,8,0,8,0.804522,0.801182,1.731354,1,2,2:11,3686.0,3376.0
2018_2024,legacy_similarity,baseline,300,22,Amazonas,2,64,61,64,2,2,100.0,100.0,61.36296,60.614793,-0.748167,60.614793,38.284492,42.439573,4.155081,-23.078469,-18.175221,4.903248,69946.0,top2_gap,1,0,0,1,1.40589,1.40589,1.445809,1,2,2:2,1898.0,1356.0
2018_2024,legacy_similarity,baseline,300,23,Delta Amacuro,2,124,98,123,2,2,100.0,99.193548,65.90959,64.642082,-1.267508,64.642082,44.195574,42.701342,-1.494232,-21.714016,-21.94074,-0.226724,99383.0,top2_gap,1,1,0,1,0.211643,0.211643,0.280848,1,2,2:2,1119.0,1116.0
2018_2024,legacy_similarity,baseline,300,24,La Guaira,3,165,160,165,3,3,100.0,100.0,74.429675,74.718656,0.288981,74.718656,35.767666,33.99449,-1.773176,-38.662009,-40.724166,-2.062156,260842.0,top2_gap,2,2,0,2,0.55147,0.363048,1.012658,1,2,2:3,3904.0,3856.0
2018_2024,legacy_similarity,baseline,300,01,Distrito Capital,7,602,517,602,7,7,100.0,100.0,70.89212,70.367869,-0.524252,70.367869,32.049031,34.844066,2.795034,-38.843089,-35.523803,3.319286,1235729.0,full_profile,6,3,3,0,1.375449,1.359098,1.955442,1,2,2:7,5655.0,4670.0
2018_2024,legacy_similarity,baseline,300,02,Anzoategui,7,573,519,573,7,7,100.0,100.0,60.720968,60.846602,0.125634,60.846602,30.74201,27.911189,-2.830821,-29.978958,-32.935413,-2.956455,1062364.0,full_profile,6,5,6,0,1.505829,1.476549,1.957546,1,2,2:7,4045.0,2966.0
2018_2024,legacy_similarity,baseline,300,03,Apure,3,312,283,312,3,3,100.0,100.0,69.231693,69.39694,0.165246,69.39694,35.300266,39.84375,4.543484,-33.931427,-29.55319,4.378238,356082.0,full_profile,2,2,2,0,1.057859,0.689151,1.806205,1,2,2:3,1096.0,854.0
2018_2024,legacy_similarity,baseline,300,04,Aragua,7,599,550,599,7,7,100.0,100.0,71.252347,71.390321,0.137973,71.390321,29.305764,27.544209,-1.761555,-41.946584,-43.846112,-1.899528,1228535.0,full_profile,6,5,4,0,1.510696,1.569789,1.904988,1,2,2:7,4280.0,3954.0
2018_2024,legacy_similarity,baseline,300,05,Barinas,4,582,459,582,4,4,100.0,100.0,59.604485,59.844021,0.239536,59.844021,23.709258,14.804009,-8.90525,-35.895227,-45.040012,-9.144785,592896.0,full_profile,2,2,2,0,1.187645,1.0932,1.650787,1,2,2:4,3618.0,3540.0
2018_2024,legacy_similarity,baseline,300,06,Bolivar,5,514,458,514,5,5,100.0,100.0,59.815233,59.076692,-0.738541,59.076692,25.36604,21.920159,-3.445882,-34.449192,-37.156533,-2.707341,810307.0,full_profile,4,4,4,0,1.172584,1.140856,1.780622,1,2,2:5,3988.0,2811.0
2018_2024,legacy_similarity,baseline,300,07,Carabobo,7,475,452,475,7,7,100.0,100.0,65.555724,65.664635,0.10891,65.664635,26.589778,25.978557,-0.611221,-38.965946,-39.686078,-0.720132,1191798.0,full_profile,7,6,5,0,1.213443,1.390242,1.88124,1,2,2:7,4915.0,4271.0
2018_2024,legacy_similarity,baseline,300,08,Cojedes,3,222,184,222,3,3,100.0,100.0,66.92687,66.695577,-0.231294,66.695577,35.776108,28.911632,-6.864477,-31.150762,-37.783945,-6.633183,219710.0,full_profile,1,0,1,0,1.161017,1.161105,1.574212,1,2,2:3,3237.0,2574.0
2018_2024,legacy_similarity,baseline,300,09,Falcon,5,615,592,615,5,5,100.0,100.0,59.221804,59.159537,-0.062267,59.159537,26.981505,22.477818,-4.503687,-32.240299,-36.681719,-4.44142,650057.0,full_profile,5,5,5,0,1.237563,1.625895,1.669222,1,2,2:5,2007.0,1598.0
2018_2024,legacy_similarity,baseline,300,10,Guarico,4,445,391,445,4,4,100.0,100.0,73.397625,72.932745,-0.46488,72.932745,33.620677,29.422442,-4.198234,-39.776949,-43.510303,-3.733354,527291.0,full_profile,4,3,4,0,1.017137,1.130383,1.583672,1,2,2:4,3113.0,2697.0
2018_2024,legacy_similarity,baseline,300,11,Lara,6,681,611,681,6,6,100.0,100.0,66.720956,67.18269,0.461733,67.18269,29.544448,23.724874,-5.819574,-37.176509,-43.457816,-6.281307,845082.0,full_profile,5,3,4,0,1.646565,1.832938,1.943723,1,2,2:6,4116.0,2796.0
2018_2024,legacy_similarity,baseline,300,12,Merida,4,505,466,505,4,4,100.0,100.0,66.606371,65.804365,-0.802005,65.804365,21.357592,18.608964,-2.748628,-45.248779,-47.195401,-1.946622,622546.0,full_profile,2,1,1,0,1.208898,1.249927,1.780789,1,2,2:4,4145.0,3604.0
2018_2024,legacy_similarity,baseline,300,13,Miranda,9,842,727,842,9,9,100.0,100.0,76.103796,76.059218,-0.044578,76.059218,31.775912,32.776785,1.000873,-44.327884,-43.282433,1.045451,1663256.0,full_profile,5,5,4,0,1.294406,1.460189,1.955409,1,2,2:9,4985.0,4156.0
2018_2024,legacy_similarity,baseline,300,14,Monagas,4,414,376,414,4,4,100.0,100.0,64.569134,64.31133,-0.257805,64.31133,37.5742,35.002636,-2.571565,-26.994934,-29.308694,-2.31376,559572.0,full_profile,4,3,3,0,1.474237,1.539821,1.768017,1,2,2:4,3771.0,3216.0
2018_2024,legacy_similarity,baseline,300,15,Nueva Esparta,3,262,211,262,3,3,100.0,100.0,70.128847,70.66635,0.537503,70.66635,30.919589,29.458816,-1.460774,-39.209258,-41.207535,-1.998277,373158.0,full_profile,3,2,1,0,1.267381,1.300305,1.328506,1,2,2:3,3056.0,2964.0
2018_2024,legacy_similarity,baseline,300,16,Portuguesa,5,587,550,587,5,5,100.0,100.0,65.943872,66.902581,0.958709,66.902581,33.540814,36.515277,2.974462,-32.403058,-30.387305,2.015753,640090.0,full_profile,5,4,5,0,1.450339,1.751601,1.974405,1,2,2:5,892.0,487.0
2018_2024,legacy_similarity,baseline,300,17,Sucre,5,618,587,618,5,5,100.0,100.0,66.512811,66.861063,0.348252,66.861063,47.40136,47.662417,0.261057,-19.111451,-19.198647,-0.087196,676738.0,full_profile,4,4,2,0,1.561825,1.614246,1.878554,1,2,2:5,3252.0,2505.0
2018_2024,legacy_similarity,baseline,300,18,Tachira,6,667,608,667,6,6,100.0,100.0,67.981093,68.284303,0.303211,68.284303,16.238649,10.513905,-5.724744,-51.742444,-57.770398,-6.027954,843625.0,full_profile,5,3,4,0,1.492888,1.806241,1.98535,1,2,2:6,4190.0,3488.0
2018_2024,legacy_similarity,baseline,300,19,Trujillo,4,591,560,591,4,4,100.0,100.0,64.62467,65.061748,0.437078,65.061748,34.516683,27.956215,-6.560468,-30.107987,-37.105533,-6.997546,541049.0,full_profile,1,1,1,0,1.412067,1.564257,1.959782,1,2,2:4,3183.0,3096.0
2018_2024,legacy_similarity,baseline,300,20,Yaracuy,4,443,413,443,4,4,100.0,100.0,62.830806,62.512384,-0.318422,62.512384,36.444411,31.206334,-5.238076,-26.386395,-31.306049,-4.919654,442431.0,full_profile,4,4,3,0,1.174585,1.244892,1.994548,1,2,2:4,2128.0,1708.0
2018_2024,legacy_similarity,baseline,300,21,Zulia,11,1025,944,1024,11,11,100.0,99.902439,72.015941,72.059819,0.043877,72.059819,28.701011,26.726393,-1.974618,-43.314931,-45.333426,-2.018495,1990029.0,full_profile,10,9,8,0,1.077099,1.117818,1.905831,1,2,2:11,3296.0,2421.0
2018_2024,legacy_similarity,baseline,300,22,Amazonas,2,64,61,64,2,2,100.0,100.0,61.36296,60.796325,-0.566636,60.796325,38.284492,38.919247,0.634756,-23.078469,-21.877078,1.201391,69946.0,full_profile,1,1,1,0,1.059721,1.059721,1.171485,1,2,2:2,1824.0,1208.0
2018_2024,legacy_similarity,baseline,300,23,Delta Amacuro,2,124,98,123,2,2,100.0,99.193548,65.90959,65.859198,-0.050393,65.859198,44.195574,41.468065,-2.72751,-21.714016,-24.391133,-2.677117,99383.0,full_profile,1,0,1,0,1.337259,1.337259,1.618445,1,2,2:2,975.0,828.0
2018_2024,legacy_similarity,baseline,300,24,La Guaira,3,165,160,165,3,3,100.0,100.0,74.429675,73.99376,-0.435915,73.99376,35.767666,34.908066,-0.8596,-38.662009,-39.085694,-0.423685,260842.0,full_profile,2,0,2,0,1.23171,1.668481,1.738438,1,2,2:3,4525.0,4292.0
