record_type,from_year,to_year,n_centros,pearson,spearman,ols_slope,ols_intercept,r2,mae_delta_residual,prev_threshold_pp,next_threshold_pp,pct_permanece,target,feature,quantile,feature_min,feature_max,abs_residual_target_mae,abs_residual_target_median
transition_correlation,2006.0,2012.0,10540,0.866145,0.844364,0.950215,0.505726,0.750206,6.213999,,,,,,,,,,
threshold_persistence,2006.0,2012.0,525,,,,,,,1.0,2.0,0.186667,,,,,,,
threshold_persistence,2006.0,2012.0,525,,,,,,,1.0,5.0,0.500952,,,,,,,
threshold_persistence,2006.0,2012.0,525,,,,,,,1.0,10.0,0.792381,,,,,,,
threshold_persistence,2006.0,2012.0,1035,,,,,,,2.0,2.0,0.200966,,,,,,,
threshold_persistence,2006.0,2012.0,1035,,,,,,,2.0,5.0,0.50628,,,,,,,
threshold_persistence,2006.0,2012.0,1035,,,,,,,2.0,10.0,0.791304,,,,,,,
threshold_persistence,2006.0,2012.0,2510,,,,,,,5.0,2.0,0.188845,,,,,,,
threshold_persistence,2006.0,2012.0,2510,,,,,,,5.0,5.0,0.47251,,,,,,,
threshold_persistence,2006.0,2012.0,2510,,,,,,,5.0,10.0,0.766135,,,,,,,
threshold_persistence,2006.0,2012.0,4882,,,,,,,10.0,2.0,0.15465,,,,,,,
threshold_persistence,2006.0,2012.0,4882,,,,,,,10.0,5.0,0.392872,,,,,,,
threshold_persistence,2006.0,2012.0,4882,,,,,,,10.0,10.0,0.695617,,,,,,,
transition_correlation,2012.0,2013.0,13684,0.977578,0.979081,0.994593,0.47326,0.955659,2.436358,,,,,,,,,,
threshold_persistence,2012.0,2013.0,486,,,,,,,1.0,2.0,0.58642,,,,,,,
threshold_persistence,2012.0,2013.0,486,,,,,,,1.0,5.0,0.930041,,,,,,,
threshold_persistence,2012.0,2013.0,486,,,,,,,1.0,10.0,0.989712,,,,,,,
threshold_persistence,2012.0,2013.0,1019,,,,,,,2.0,2.0,0.557409,,,,,,,
threshold_persistence,2012.0,2013.0,1019,,,,,,,2.0,5.0,0.911678,,,,,,,
threshold_persistence,2012.0,2013.0,1019,,,,,,,2.0,10.0,0.988224,,,,,,,
threshold_persistence,2012.0,2013.0,2659,,,,,,,5.0,2.0,0.364047,,,,,,,
threshold_persistence,2012.0,2013.0,2659,,,,,,,5.0,5.0,0.795036,,,,,,,
threshold_persistence,2012.0,2013.0,2659,,,,,,,5.0,10.0,0.981572,,,,,,,
threshold_persistence,2012.0,2013.0,5134,,,,,,,10.0,2.0,0.20374,,,,,,,
threshold_persistence,2012.0,2013.0,5134,,,,,,,10.0,5.0,0.505649,,,,,,,
threshold_persistence,2012.0,2013.0,5134,,,,,,,10.0,10.0,0.90261,,,,,,,
transition_correlation,2013.0,2018.0,13260,0.604544,0.623463,0.41424,-2.235201,0.365473,12.333386,,,,,,,,,,
threshold_persistence,2013.0,2018.0,534,,,,,,,1.0,2.0,0.2397,,,,,,,
threshold_persistence,2013.0,2018.0,534,,,,,,,1.0,5.0,0.546816,,,,,,,
threshold_persistence,2013.0,2018.0,534,,,,,,,1.0,10.0,0.797753,,,,,,,
threshold_persistence,2013.0,2018.0,1025,,,,,,,2.0,2.0,0.235122,,,,,,,
threshold_persistence,2013.0,2018.0,1025,,,,,,,2.0,5.0,0.539512,,,,,,,
threshold_persistence,2013.0,2018.0,1025,,,,,,,2.0,10.0,0.800976,,,,,,,
threshold_persistence,2013.0,2018.0,2556,,,,,,,5.0,2.0,0.236307,,,,,,,
threshold_persistence,2013.0,2018.0,2556,,,,,,,5.0,5.0,0.538732,,,,,,,
threshold_persistence,2013.0,2018.0,2556,,,,,,,5.0,10.0,0.803991,,,,,,,
threshold_persistence,2013.0,2018.0,5059,,,,,,,10.0,2.0,0.220992,,,,,,,
threshold_persistence,2013.0,2018.0,5059,,,,,,,10.0,5.0,0.513145,,,,,,,
threshold_persistence,2013.0,2018.0,5059,,,,,,,10.0,10.0,0.791263,,,,,,,
transition_correlation,2018.0,2024.0,10775,0.661792,0.660407,0.792864,3.705319,0.437968,8.373985,,,,,,,,,,
threshold_persistence,2018.0,2024.0,864,,,,,,,1.0,2.0,0.228009,,,,,,,
threshold_persistence,2018.0,2024.0,864,,,,,,,1.0,5.0,0.506944,,,,,,,
threshold_persistence,2018.0,2024.0,864,,,,,,,1.0,10.0,0.809028,,,,,,,
threshold_persistence,2018.0,2024.0,1761,,,,,,,2.0,2.0,0.213515,,,,,,,
threshold_persistence,2018.0,2024.0,1761,,,,,,,2.0,5.0,0.497445,,,,,,,
threshold_persistence,2018.0,2024.0,1761,,,,,,,2.0,10.0,0.79841,,,,,,,
threshold_persistence,2018.0,2024.0,4109,,,,,,,5.0,2.0,0.194695,,,,,,,
threshold_persistence,2018.0,2024.0,4109,,,,,,,5.0,5.0,0.46605,,,,,,,
threshold_persistence,2018.0,2024.0,4109,,,,,,,5.0,10.0,0.775858,,,,,,,
threshold_persistence,2018.0,2024.0,7006,,,,,,,10.0,2.0,0.162289,,,,,,,
threshold_persistence,2018.0,2024.0,7006,,,,,,,10.0,5.0,0.39666,,,,,,,
threshold_persistence,2018.0,2024.0,7006,,,,,,,10.0,10.0,0.700257,,,,,,,
feature_quantile,,,2635,,,,,,,,,,2013.0,historical_volatility,Q1,0.000239,1.107329,13.480511,11.298016
feature_quantile,,,2635,,,,,,,,,,2013.0,historical_volatility,Q2,1.108687,2.361781,13.760061,11.65073
feature_quantile,,,2634,,,,,,,,,,2013.0,historical_volatility,Q3,2.361892,4.219939,13.743949,11.50267
feature_quantile,,,2635,,,,,,,,,,2013.0,historical_volatility,Q4,4.221044,54.227889,16.736544,14.749139
feature_quantile,,,3419,,,,,,,,,,2013.0,historical_mae,Q1,0.028668,6.763144,4.636631,4.012792
feature_quantile,,,3418,,,,,,,,,,2013.0,historical_mae,Q2,6.766212,12.950099,10.169255,9.94078
feature_quantile,,,3418,,,,,,,,,,2013.0,historical_mae,Q3,12.950383,21.034118,17.580639,17.364912
feature_quantile,,,3419,,,,,,,,,,2013.0,historical_mae,Q4,21.036038,124.169835,30.465038,29.889747
feature_quantile,,,3419,,,,,,,,,,2013.0,abs_historical_bias,Q1,0.001247,6.156544,4.977727,4.145013
feature_quantile,,,3418,,,,,,,,,,2013.0,abs_historical_bias,Q2,6.157203,12.769827,9.923753,9.513436
feature_quantile,,,3418,,,,,,,,,,2013.0,abs_historical_bias,Q3,12.770467,21.012971,17.481112,17.221441
feature_quantile,,,3419,,,,,,,,,,2013.0,abs_historical_bias,Q4,21.013364,124.169835,30.468872,29.876143
feature_quantile,,,3419,,,,,,,,,,2013.0,recent_distance,Q1,0.005345,6.600179,3.851629,3.360659
feature_quantile,,,3418,,,,,,,,,,2013.0,recent_distance,Q2,6.600854,13.651244,9.980498,9.768259
feature_quantile,,,3418,,,,,,,,,,2013.0,recent_distance,Q3,13.652996,22.56368,17.883027,17.648997
feature_quantile,,,3419,,,,,,,,,,2013.0,recent_distance,Q4,22.563997,124.169835,31.136444,30.269066
feature_quantile,,,3305,,,,,,,,,,2018.0,historical_volatility,Q1,0.000588,1.143378,7.333813,5.602725
feature_quantile,,,3304,,,,,,,,,,2018.0,historical_volatility,Q2,1.143434,2.205505,8.130505,6.051609
feature_quantile,,,3304,,,,,,,,,,2018.0,historical_volatility,Q3,2.205612,3.899881,9.078256,6.835034
feature_quantile,,,3304,,,,,,,,,,2018.0,historical_volatility,Q4,3.899936,52.426651,11.679533,9.40686
feature_quantile,,,3307,,,,,,,,,,2018.0,historical_mae,Q1,0.106634,6.727143,6.550695,4.824769
feature_quantile,,,3306,,,,,,,,,,2018.0,historical_mae,Q2,6.727977,13.035852,7.517154,5.588728
feature_quantile,,,3306,,,,,,,,,,2018.0,historical_mae,Q3,13.039503,21.500676,8.55675,6.643957
feature_quantile,,,3306,,,,,,,,,,2018.0,historical_mae,Q4,21.501702,77.133369,13.595383,12.054948
feature_quantile,,,3307,,,,,,,,,,2018.0,abs_historical_bias,Q1,2.9e-05,6.099487,6.924655,5.02746
feature_quantile,,,3306,,,,,,,,,,2018.0,abs_historical_bias,Q2,6.101194,12.913748,7.271851,5.404982
feature_quantile,,,3306,,,,,,,,,,2018.0,abs_historical_bias,Q3,12.915173,21.460501,8.44474,6.540787
feature_quantile,,,3306,,,,,,,,,,2018.0,abs_historical_bias,Q4,21.462081,77.133369,13.578624,12.034313
feature_quantile,,,3307,,,,,,,,,,2018.0,recent_distance,Q1,0.005955,6.456194,6.576261,4.647064
feature_quantile,,,3306,,,,,,,,,,2018.0,recent_distance,Q2,6.456791,13.498258,7.079823,5.373869
feature_quantile,,,3306,,,,,,,,,,2018.0,recent_distance,Q3,13.498954,22.819282,8.400994,6.720875
feature_quantile,,,3306,,,,,,,,,,2018.0,recent_distance,Q4,22.820689,55.435653,14.162896,12.85343
feature_quantile,,,2521,,,,,,,,,,2024.0,historical_volatility,Q1,0.072252,3.327416,8.32274,6.223416
feature_quantile,,,2520,,,,,,,,,,2024.0,historical_volatility,Q2,3.329087,5.401493,10.005311,7.515866
feature_quantile,,,2520,,,,,,,,,,2024.0,historical_volatility,Q3,5.402751,8.096501,11.398815,8.996482
feature_quantile,,,2520,,,,,,,,,,2024.0,historical_volatility,Q4,8.097527,50.5977,13.012515,10.677809
feature_quantile,,,2703,,,,,,,,,,2024.0,historical_mae,Q1,0.143907,6.266689,5.937736,4.965962
feature_quantile,,,2703,,,,,,,,,,2024.0,historical_mae,Q2,6.26989,10.986528,7.436586,5.991078
feature_quantile,,,2703,,,,,,,,,,2024.0,historical_mae,Q3,10.986805,17.349602,11.253859,9.731893
feature_quantile,,,2703,,,,,,,,,,2024.0,historical_mae,Q4,17.351035,53.839867,19.555196,17.323681
feature_quantile,,,2703,,,,,,,,,,2024.0,abs_historical_bias,Q1,0.000148,4.587675,6.066888,4.965962
feature_quantile,,,2703,,,,,,,,,,2024.0,abs_historical_bias,Q2,4.587677,9.906085,7.260089,5.816998
feature_quantile,,,2703,,,,,,,,,,2024.0,abs_historical_bias,Q3,9.907233,16.864671,11.066061,9.559165
feature_quantile,,,2703,,,,,,,,,,2024.0,abs_historical_bias,Q4,16.865083,53.839867,19.790339,17.491883
feature_quantile,,,2703,,,,,,,,,,2024.0,recent_distance,Q1,1e-05,3.127335,6.706192,5.193347
feature_quantile,,,2703,,,,,,,,,,2024.0,recent_distance,Q2,3.127355,6.864883,8.06568,6.568519
feature_quantile,,,2703,,,,,,,,,,2024.0,recent_distance,Q3,6.865533,12.759916,11.149696,9.70339
feature_quantile,,,2703,,,,,,,,,,2024.0,recent_distance,Q4,12.760217,56.934581,18.261808,16.442095
